group_name,RowLabels,PG_fishes,Occurance_TBGB,Scientific_name,CommonName,Class,Order,Family,Reference,Management_class,Importance_F,IUCN_class,Relative_catch,Catch,minDepthCaught,maxDepthCaught,Distribution,Diet,Diet_detail,primary_diet,secondary_diet,tertiary_diet,Feeding_mode,Trophic_level,Feeding_strategy,DietTroph_F,Herbivory_F,FeedingType_F,min_depth,DepthRangeShallow_F,max_depth,DepthRangeDeep_F,Preferred_depth,DepthRangeComShallow_F,DepthRangeComDeep_F,Preferred_temp,Temp_F,Temp_type,Vertical_Habitat,DemersPelag_F,Horizontal_Habitat,Estuarine_use,Swimming_activity,Pelvic_finPosition,Caudal_finShape,Dorsal_finShape,Dorsal_Type,Physical_protection,Chemical_defence,,Barbel_presence,Barbel_length,Swimming_mode,AdultType_F,Body_form,Body_shape_F,Eye_position,Oral_gapePosition,Oral_gapeShape,,Spine,NumberSpines,Colour,Teeth_shape,Gill_rakers,Vertabrate,Head_size,Mouth_size,Body_depth,Eye_size,Mortality,M_F,,MaxAge,Longevity_F,tmax_F,a,b,Common_mass,Max_mass_calculated,MaxMass_Reported(g),Weight_F,Winfinity,,Common_Length,CommonLength_F,CommonLengthType_F,maxLength,MaxLength_F,MaxLengthType_F,Loo_F,K,K_F,t0,Reproductive_Season,Reproductive_strategy,Sexual_differentation,Migration,AnaCat_F,Diel_migration,Seasonal_migration,Ontogeneic_migration,Parental_care,RepGuild1_F,Parental_F,Egg_attach,Reproduction_location,RepGuild2_F,ReproFreq,SpawningCycles_F,Shooling_type,Length_maturity,LengthFecunMin_F,Age_maturation,tm_F,pop_double,Length birth,Number_eggs_pups,FecundityMin_F,FecundityMax_F,Phylogenetic_diversity,Vulnerability,,KAHtot.ctch,COMtot.ctch,DoC threat class,DoC qualifier,Population size in EEZ
Reef - invertivores,ORK,,RAR,Acanthoclinus fuscus,Olive rockfish,Actinopterygii,Perciformes,Plesiopidae,"Paul, 1992 find: Jillet 1986",Non-target,of no interest,NE,NA,NA,NA,NA,END,Invert feeder,CRU+MOL,crustacean,mollusc,,,3.6,,NA,mainly animals (troph. 2.8 and up),hunting macrofauna (predator),0,0,4,Jan-00,0-4,0,4,,15.63106775,TEMP,REEF,demersal,COAST,ES,,THOR,ROUN,SSSR,MX,ABS,ABS,,ABS,,BCF,,COMP,elongated,MID,LJPROJ,,,MANY,20,CONSP,VIL,,,,,,,,-0.449379839,0.638023707,9,9,2.130302136,0.00457,3.11,101.744192,179.3755734,,NA,5.112082823,166.0157765,25,NA,NA,30,30,TL,3.217049496,,-0.937818932,,Winter+Spring,OVIP,GONO,NONE,non-migratory,,,,RDP,guarders,paternal,OAE,BAY,nesters,ANNUAL,,,9,,3,0.712642996,MED,,10000,,,0.5312,33,,ABS,,,,
Reef - invertivores,RCK,,RAR,Acanthoclinus littoreus,New Zealand rockfish,Actinopterygii,Perciformes,Plesiopidae,"Taylor and Willis, 1998; Jillett 1968a,b; Francis 1996",Non-target,of no interest,NE,NA,NA,NA,NA,SPO,Invert feeder,DEC+ISO+BARN+AMPH,crustacean,mollusc,,,3.4,,NA,mainly animals (troph. 2.8 and up),hunting macrofauna (predator),0,0,15,4,0-15,0,15,,13.6345241,SUBTROP,REEF,demersal,COAST,ES,,THOR,ROUN,SSSR,MX,ABS,ABS,,ABS,,BCF,,COMP,elongated,MID,LJPROJ,,,MANY,24-26,CONSP,VIL,,,,,,,,-0.403927149,0.667692762,9,NA,2.075451478,0.009656,2.964,17.63175542,69.35059065,,NA,4.44758535,85.4204343,12.6,NA,NA,20,12.6,TL,2.999063186,,-0.88471609,,Winter+Spring,OVIP,GONO,NONE,NA,,,,RDP,guarders,paternal,OAE,BAY,nesters,ANNUAL,,,4-Sep,,3,0.656198917,MED,,10000,,,0.5312,29,,ABS,,,,
Demersal,YEM,,RAR,Aldrichetta forsteri,Yellow-eyed mullet,Actinopterygii,Mugiliformes,Mugilidae,"Smith et al., 2013; Thompson et al., 1957; Chubb et al., 1981; Curtis and Shima 2005",QMS,commercial,LC,*,0.4,39,39,AUSTASIA,Omnivore,CRU+POL+MOL+ALG,alga,polychaete,crustacean,O,2.5,,NA,plants/detritus+animals (troph. 2.2-2.79),grazing on aquatic plants,0,0,50,50,0-10,0,10,12,23.16028438,TEMP,DEM,demersal,COAST,ES,,ABD,FORK,DSSR,MX,ABS,ABS,,ABS,,BCF,,FUS,fusiform / normal,SIDE,SUBT,,,SOME,4,CRYP,CAN,33-48,24,NA,NA,18-22,18-29,0.66,-0.432815557,0.648680126,7,7,2.07002156,0.0239,3.2,710.8957677,6532.838392,950,950,6.689947118,804.2797193,25,25,TL,50,50,SL,3.733220778,0.046,-0.990408684,-2.3342,Summer,OVIP,GONO,CAT,catadromous,PRES,PRES,PRES,NONE,nonguarders,none,OPE,OCEAN,open water/substratum egg scatterers,SERIAL,NA,OBL,24.5,24.5,2.5,0.735824158,MED,,,125000,630000,0.5,20,"Yellow-eye mullet form large aggregations prior to spawning (Ref. 28470, 28707). They spawn in coastal waters (Ref. 28470), and protected marine embayments (Ref. 27012, 28707, 27944).",17354,,,,
Pelagic - large,POP,,RAR,Allomycterus pilatus ,Porcupine fish,Actinopterygii,Tetraodontiformes,Diodontidae,"Ayling and Cox, 1982; Robertson, 1975; McMillan et al., 2001; Bulman et al., 2001 find: Anderson et al. (1998), Gomon et al. (2008), Paulin et al. (1989)",Non-target,of no interest,DD,NA,NA,NA,NA,AUSTASIA,Invert feeder,MOL+CRU+Echin,mollusc,crustacean,echinoderm,Bma,3.6,,,,,5,5,320,320,0-270,0,270,,,TEMP,DEM,,NERITIC,VA,,ABS,ROUN,SSSR,MX,PRES,PRES,,ABS,,MPF,,CYL,eel-like,SIDE,INFE,,,MANY,,CONSP,,,,,,,,,,#VALUE!,,,,0.0309,2.89,1317.989209,4254.17737,2800,,,#VALUE!,40,,,60,,,,,,,Autumn,OVIP,GONO,OCE,,,,,NONE,,,OPE,OCEAN,,,,FAC,,,,,,,,,,1,41,,9157,,,,
Elasmobranchs - piscivores,THR,67,RAR,Alopias vulpinus,Thresher shark,Elasmobranchiomorphi,Lamniformes,Alopiidae,"Last & Stevens 2009, Ebert et al. 2013; FIND: Compago 2001",Non-QMS,commercial,VU,*,1.7,53,53,WORLD,Piscivore,FIS+SQU+CRU,,,,,4.5,,4.5,mainly animals (troph. 2.8 and up),hunting macrofauna (predator),0,0,400,400,50-400,50,400,,16.41765276,SUBTROP,PEL,pelagic-oceanic,OCEAN,VA,,ABD,HETE,CART,CART,ABS,ABS,,ABS,,MPF,,FUS,fusiform / normal,MID,SUBT,,,NONE,0,CRYP,TRI,,,,,,,,-1.651676106,0.191728282,15,15,3.242311242,0.00851,2.86,45,,658039.22,348000,12.63129607,305986.4425,450,450,TL,640,640,TL,6.197108445,,-2.184824602,,,OVOV,GONO,OCE,oceanodromous,PRES,,PRES,PATERNAL,bearers,NA,NONE,,internal live bearers,ANNUAL,1,SOL,375,NA,5,2.564157086,VLOW,135,4,2,4,0.75,68,Ovoviviparous; apparently ovophagus; number of young 2 to 4 in a litter (usually 2); size at birth 114 to 150 cm (Ref. 247). In a litter.,295.2,46824,NOT,TO,2
Demersal,,222,RAR,Anguilla dieffenbachii,Longfin eel,Actinopterygii,Anguilliformes,Anguillidae,"Plenary 2014; Jellyman and Tsukamoto, 2005",QMS,commercial,NE,NA,NA,NA,NA,END,Omnivore,INS+COP+AMP+FIS,,,,,4.5,,4.47,mainly animals (troph. 2.8 and up),hunting macrofauna (predator),0,0,980,980,0-200,0,200,15,12.82036228,TEMP,DEM,demersal,COAST,ES,,ABS,ROUN,SSR,SR,ABS,ABS,,ABS,,BCF,movements of body and/or caudal fin,EEL,eel-like,MID,TERM,,,NONE,,CRYP,VIL,,,,,,,,-1.605544566,0.200780187,80,80,2.854520845,,,7.8,,10550,25000,7.462832736,1742.075915,60,60,TL,175,175,TL,4.495964634,,-2.164150716,,,OVIP,GONO,CAT,catadromous,PRES,ABS,PRES,NONE,nonguarders,none,OPE,OCEAN,Open water/substratum egg scatterers,SEMP,1,FAC,,,35,1.609553391,VLOW,,,,,,88.82,,,,,,
Reef - invertivores,GTR,,RAR,Aplodactylus arctidens ,Marblefish,Actinopterygii,Perciformes,Aplodactylidae,"Smith et al., 2013; Ayling and Cox, 1982; Taylor and Willis, 1998",,,DD,NA,NA,NA,NA,AUSTASIA,Omnivore,ALG+Invert,alga,crustacean,,H,2,,,,,0,,40,,0-20,0,20,12,,TEMP,REEF,,COAST,VA,,ABD,EMAR,DSSR,MX,ABS,ABS,,ABS,,BCF,,FUS,fusiform / normal,SIDE,SUBT,,,MANY,16-18,CONSP,VIL,NA,NA,20-26,NA,21.3-30.3,14.7-22.7,,,,,,,0.00526,3.207,722.4239516,3427.669017,3300,,,#VALUE!,40,,,65,,,,,,,,OVIP,GONO,NONE,,,,,NONE,,,OPE,BAY,,,,SOL,,,,,,,,,,0.5625,47,,2675,,,,
Demersal,SSI,,RAR,Argentina elongata,Silverside,Actinopterygii,Osmeriformes,Argentinidae,"Ayling and Cox, 1982; Robertson, 1975; Plaza et al., 2011",Non-QMS,minor commercial,DD,*,49.4,78,311,SPO,Invert feeder,SAL+POL+CRU,tunicate,polychaete,crustacean,Bma,3.4,,NA,mainly animals (troph. 2.8 and up),hunting macrofauna (predator),69,69,600,600,100-600,100,600,,9.525386773,TEMP,DEM,demersal,NERITIC,VA,,ABD,FORK,SSA,SR,ABS,ABS,,ABS,,BCF,,FUS,elongated,SIDE,SUBT,,,SOME,,CRYP,,,,,,,,,-0.560804717,0.570749587,,NA,2.309684027,0.0038,3.14,46.23999548,93.17839466,24494,NA,5.042715444,154.8900396,20,25,TL,25,NA,NA,3.286068874,,-1.065666292,,,OVIP,GONO,OCE,NA,,,,NONE,nonguarders,none,OPE,,NA,SERIAL,,FAC,,,,1.241623874,MED,,,,,0.5,36,,PRES,,,,
Flatfish,WIT,,RES,Arnoglossus scapha,Witch,Actinopterygii,Pleuronectiformes,Bothidae,"Livingston et al., 1987a; Livingston et al., 1987b; Robertson, 1975; Francis et al., 2002",QMS,NA,DD,0.7,250.9,24,392,WORLD,Invert feeder,CRU+FIS+POL,polychaete,crustacean,mollusc,Bma,3.7,,,,,22,22,392,392,120-320,120,320,,13.36343124,DEEP,BATHYDEM,bathydemersal,NERITIC,MM,,THOR,ROUN,SLSR,MX,ABS,ABS,,ABS,,MPF,,FLAT,short and / or deep,TOP,SUBT,,,NONE,0,CRYP,,,,,,,,,-0.573691714,0.56344153,,NA,2.026893037,0.01443,2.9749,357.7291674,1102.776905,,NA,3.863692947,47.64096245,30,NA,NA,43.8,28.09,SL,2.951506843,0.1,-0.933901961,-15.87,Summer,OVIP,GONO,NONE,NA,,,PRES,NONE,nonguarders,none,OPE,BAY,NA,ANNUAL,,SOL,,,2.5,0.423201596,MED,,,,,0.5,46,,21152.2,,,,
Pelagic - small,KAH,1331,RAR,Arripis trutta,Kahawai,Actinopterygii,Perciformes,Arripidae,"Stewart et al., 2006; Taylor and Willis, 1998",QMS,commercial,DD,*,40.1,24,53,AUSTASIA,Omnivore,FIS+CRU+POL+MOL,fish,mollusc,crustacean,HP,4.1,,4.07,mainly animals (troph. 2.8 and up),hunting macrofauna (predator),30,30,223,223,39-62,39,62,15,14.65157459,TEMP,PEL,pelagic-neritic,NERITIC,MM,,THOR,FORK,SSRS,MX,ABS,ABS,,ABS,,BCF,,FUS,fusiform / normal,SIDE,TERM,,,NONE,9-Oct,CRYP,VIL,19-24,NA,77-100,NA,NA,NA,0.2,-0.503648512,0.604321757,26,26,2.419158441,0.05676,2.79,2625.399574,4259.134263,9400,9400,5.373594265,215.6365313,47,47,TL,55.9,89,TL,3.374148876,0.3,-1.039423124,0.25,Summer+Autumn,OVIP,GONO,ANA,anadromous,,,PRES,NONE,nonguarders,NA,OPE,RIVER,NA,ANNUAL,,OBL,40,,4,1.080112172,MED,,,,,0.625,41,,3232420.5,,,,
Pelagic - small,PCO,,RAR,Auchenoceros punctatus,Ahuru,Actinopterygii,Gadiformes,Moridae,"Ayling and Cox, 1982; Graham, 1956; Robertson, 1975; Taylor and Willis, 1998; FAO fisheries synopsis of Gadiforms",Non-QMS,of potential interest,DD,*,2.8,35,79,END,Invert feeder,CRU+COP+AMP,crustacean,,,Bma,3.3,,,,,5,5,420,420,May-80,5,80,,11.59407685,TEMP,BENTHOPEL,pelagic-oceanic,NERITIC,MS,,JUG,TRUN,DSSR,MX,ABS,ABS,,ABS,,BCF,movements of body and/or caudal fin,FUS,elongated,SIDE,TERM,,,NONE,NA,CRYP,VIL,34-57,45-49,19.1-23.1,10.3-12.7,NA,4.6-7.7,,-1.09807603,0.333512134,1,NA,2.696251334,0.00372,3.13,5.018141923,18.22807408,,NA,7.22620986,1375.001169,10,10,TL,15.1,13,TL,4.039586249,,-1.618365198,,Spring,OVIP,GONO,OCE,NA,,,,NONE,,,OPE,,,,,OBL,,,,1.482415702,MED,,,,,1,28,,PRES,,,,
Pelagic - large,RBM,,RAR,Brama brama,Ray's bream,Actinopterygii,Perciformes,Bramidae,"Ayling and Cox, 1982",QMS,commercial,LC,*,2.9,90,132,WORLD,Omnivore,FIS(Meso)+CRU+SAL,fish,crustacean,tunicate,HP,4.1,,NA,mainly animals (troph. 2.8 and up),hunting macrofauna (predator),0,0,1000,1000,0-200,0,200,18,15.72315652,TEMP,BATHYPEL,bathypelagic,NERITIC,,,THOR,FORK,SSRS,MX,ABS,ABS,,ABS,,BCF,,COMP,short and / or deep,SIDE,HYPE,,,NONE,,CRYP,CAN,NA,NA,NA,NA,NA,NA,,-1.316321813,0.268119685,9,9,2.918966361,0.01318,3,1647.5,13180,6000,6000,7.911490508,2728.454219,50,40,SL,100,100,TL,4.12118154,,-1.905617576,,Autum+Winter,OVIP,GONO,OCE,oceanodromous,,,,NONE,nonguarders,NA,OPE,OCEAN,NA,,,OBL,,,,1.544553763,LOW,,,,,0.5039,71,,293,,,,
Elasmobranchs - piscivores,ELE,39,RES,Callorhinchus milii,Elephantfish,Elasmobranchiomorphi,Chimaeriformes,Callorhinchidae,"Francis 2012, Last & Stevens 2009; FIND: Didier et al, 1998, Lyon et al., 2011, Sullivan 1978",QMS,commercial,LC,*,13.3,25,79,AUSTASIA,Piscivore,MOL+CRU+Echin+FIS,,,,HP,3.6,,NA,mainly animals (troph. 2.8 and up),hunting macrofauna (predator),0,0,227,227,0-200,0,200,16,11.77227893,TEMP,DEM,demersal,NERITIC,ES,,JUG,HETE,DSSR,MX,ABS,ABS,,ABS,,MPF,,CYL,elongated,SIDE,SUBT,,,SOME,1,CRYP,NONE,,,,,,,0.23,-1.35159411,0.258827332,15,NA,2.893389446,0.00427,3.12,,,,NA,9.829489626,18573.47239,75,75,TL,120,120,TL,4.876525921,0.26,-1.776209528,-0.55,Spring,OVIP,GONO,OCE,oceanodromous,ABS,PRES,PRES,NONE,nonguarders,NA,OBE,BAY,open water/substratum egg scatterers,ANNUAL,,FAC,71,,4.5,1.829878718,LOW,11,,,,0.75,75,,9,15508,NOT,"CD,RC",1
Elasmobranchs - piscivores,BWH,100,RAR,Carcharhinus brachyurus,Bronze whaler,Elasmobranchiomorphi,Carcharhiniformes,Carcharhinidae,"Last & Stevens 2009, Ebert et al. 2013",Non-QMS,minor commercial,NT,,,,,WORLD,Piscivore,FIS+Ceph+Elas,,,,,4.5,,4.5,mainly animals (troph. 2.8 and up),hunting macrofauna (predator),0,0,360,360,0-100,0,100,26,21.55709787,SUBTROP,REEF,reef-associated,COAST,MM,,ABD,HETE,CART,CART,ABS,ABS,,ABS,,BCF,,FUS,fusiform / normal,SIDE,SUBT,,,NONE,Jan-00,CRYP,INC,,,,,,,,-1.82145784,0.161789715,30,30,3.131000343,0.00525,3.08,,,286259.5968,304600,12.29614454,218850.5902,,NA,NA,330,330,TL,5.702892457,,-2.417586757,,Summer,VIV,GONO,OCE,oceanodromous,,PRES,,NONE,bearers,NA,NONE,BAY,internal live bearers,BIENNIAL,1,SOL,230,NA,20,2.495398713,VLOW,65,Jul-24,13,20,0.5,87,Viviparous with a yolk-sac placenta; size at birth 59 to 67 cm; pupping may occur at any time of the year but there is a peak in births in summer (Ref. 6390).,,2280,NOT,SO,2
Elasmobranchs - invertivores,CAR,86,RES,Cephaloscyllium isabellum,Carpet shark,Elasmobranchiomorphi,Carcharhiniformes,Scyliorhinidae,Francis 2012,Non-QMS,NA,LC,1.6,76.7,30,318,END,Invert feeder,CRU+MUN+CRB+FIS,,,,,4.2,,4.22,mainly animals (troph. 2.8 and up),hunting macrofauna (predator),0,0,700,700,18-220,18,220,,16.08713706,SUBTROP,REEF,reef-associated,COAST,VA,,ABD,HETE,CART,CART,ABS,ABS,,ABS,,MPF,,FUS,elongated,SIDE,SUBT,,,NONE,0,CRYP,,,,,,,,,-1.329734645,0.264547451,,NA,2.76052964,0.00316,3.11,,,5244.294628,NA,8.924196547,7511.545734,90.5,NA,TL,150,150,TL,4.796999705,,-1.713801736,,,OVIP,GONO,,NA,ABS,,,NONE,nonguarders,NA,OAE,BAY,open water/substratum egg scatterers,,,,80,,,1.754931506,LOW,16,,,,0.5,60,,2760.7,340027.5,NOT,,1
Reef - invertivores,RMO,,RAR,Cheilodactylus spectabilis ,Red moki,Actinopterygii,Perciformes,Cheilodactylidae,"McCormick 1989; Smith et al., 1989; Taylor and Willis 1998",,,DD,NA,NA,NA,NA,SPO,Invert feeder,CRU+MOL,crustacean,,,Bma,3.4,,,,,0,,50,,0-50,0,50,15,17.28536722,TEMP,DEM,,COAST,MM,,ABD,FORK,DSSR,MX,ABS,ABS,,ABS,,BCF,,FUS,,MID,SUBT,,,MANY,17-18,CONSP,CAN,NA,NA,NA,NA,38.0-42.0,NA,,-1.06352143,0.345237936,59,,2.769257692,0.000016,2.989,3.303802444,15.2096767,4300,,6.775793033,876.3740809,60,,,100,,,3.744833165,,-1.284807865,,Summer+Autumn,OVIP,GONO,NONE,,,,,RDP,guarders,,OPE,BAY,,,,SOL,,,,1.22062225,VLOW,,,,,0.5,69,,186,,,,
Demersal,GUR,,RES,Chelidonichthys kumu,Red gurnard,Actinopterygii,Scorpaeniformes,Triglidae,"Clearwater and Pankhurst 1994; Coleman and Mobley, 1984; Robertson, 1975; Washington et al., 1984",QMS,commercial,LC,5.9,2202,24,185,WORLD,Invert feeder,CRU+MUN+CRB+FIS,crustacean,fish,,HP,3.7,,NA,mainly animals (troph. 2.8 and up),hunting macrofauna (predator),1,1,200,200,75-150,75,150,,11.60169753,SUBTROP,DEM,demersal,COAST,,,THOR,EMAR,DSSR,MX,ABS,ABS,,ABS,,BCF,,FUS,elongated,SIDE,SPROJ,,,SOME,8-Sep,CRYP,VIL,Nov-13,NA,30-33,NA,20-23,10,0.31,-0.763287317,0.466131583,16,15,2.525721686,0.0053,3.19,683.6711316,1045.703467,1500,1500,6.82373459,919.4122339,40,40,TL,45.7,60,TL,3.829069155,0.4,-0.940739572,-0.36,Spring+Summer,OVIP,GONO,OCE,NA,,PRES,,NONE,,,OPE,OCEAN,,SERIAL,,FAC,,,2.5,1.274737078,MED,,2-e5 - 2-e6,,,0.501,29,,3491899.4,,,,
Demersal,CAS,,RAR,Coelorinchus aspercephalus,Oblique banded rattail,Actinopterygii,Gadiformes,Macrouridae,"Stevens et al., 2010; FAO fisheries; Ayling and Cox, 1982; Beentjes et al., 2002; Robertson, 1975; Alekseyeva et al., 1993",Non-target,minor commercial,DD,NA,NA,NA,NA,END,Invert feeder,Benthic inverts,polychaete,echinoderm,crustacean,Bma,3.6,,NA,mainly animals (troph. 2.8 and up),hunting macrofauna (predator),30,30,600,600,33-335,33,335,,13.82745282,TEMP,BATHYDEM,benthopelagic,NERITIC,VA,,THOR,CONT,SSS,MX,ABS,ABS,,PRES,,BCF,movements of body and/or caudal fin,FUS,elongated,SIDE,INFE,,,SOME,2,CRYP,,8-Sep,NA,NA,NA,NA,NA,,-1.161622519,0.312977956,,NA,2.897172097,0.00295,3.13,70.04453284,874.2799938,,NA,5.594962031,269.0674335,25,NA,NA,56,34,TL,3.519841524,,-1.701818071,,Spring+Summer,OVIP,GONO,OCE,non-migratory,ABS,PRES,ABS,NONE,,,OPE,OCEAN,,SERIAL,,FAC,,,,1.637899524,MED,,thousands,,,0.5,38,,PRES,,,,
Demersal,CBI,,RES,Coelorinchus biclinozonalis,Two saddle rattail,Actinopterygii,Gadiformes,Macrouridae,"Stevens et al., 2010; Beentjes et al., 2002; Alekseyeva et al., 1993; Stevens et al., in review",Non-QMS,NA,DD,0.6,207.3,43,279,END,Invert feeder,Benthic inverts,crustacean,echinoderm,polychaete,Bma,3.7,,,,,4,4,549,549,31-351,31,351,,13.82745282,SUBTROP,BENTHOPEL,benthopelagic,NERITIC,VA,,THOR,CONT,SSS,MX,ABS,ABS,,PRES,,BCF,movements of body and/or caudal fin,FUS,elongated,SIDE,INFE,,,SOME,2-Jan,CRYP,,8-Oct,NA,NA,32-39,NA,NA,0.54,-1.161622519,0.312977956,15,NA,2.897172097,0.00149,3.299,773.3093871,1219.793886,,NA,5.594962031,269.0674335,54,NA,NA,62,60,TL,3.519841524,0.34,-1.701818071,-0.49,Summer+Autumn,OVIP,GONO,OCE,non-migratory,,PRES,ABS,NONE,,,OPE,OCEAN,,SERIAL,,FAC,31,,2,1.637899524,LOW,,thousands,,,0.5,57,,PRES,,,,
Flatfish,BRI,,RAR,Colistium guntheri,Brill,Actinopterygii,Pleuronectiformes,Pleuronectidae,"Ayling and Cox, 1982; Robertson, 1975",QMS,commercial,DD,*,14.4,25,60,END,Invert feeder,BINV,crustacean,,,Bma,3.1,,,,,0,27,50,49,27-50,27,50,,11.94095698,TEMP,DEM,demersal,COAST,MM,,THOR,ROUN,SLSR,MX,ABS,ABS,,ABS,,BCF,movements of body and/or caudal fin,FLAT,short and / or deep,TOP,SUBT,,,NONE,,CRYP,,38-41,37-38,NA,NA,NA,NA,0.2,-0.898058769,0.407359672,21,21,2.46749572,0.01698,2.98,1009.430587,1322.910718,1800,1800,6.59483246,731.3063534,40,90,TL,43.8,91.4,TL,3.740101014,0.1,-1.093795362,-15.87,Winter+Spring,OVIP,GONO,NONE,NA,,,PRES,NONE,nonguarders,none,OPE,BAY,NA,ANNUAL,,FAC,,,2.5,1.009590281,VLOW,,,,,0.75,58,,1506,,,,
Flatfish,TUR,,RAR,Colistium nudipinnis,Turbot,Actinopterygii,Pleuronectiformes,Pleuronectidae,"Ayling and Cox, 1982; Robertson, 1975",Non-QMS,minor commercial,DD,*,1.1,37,37,END,Invert feeder,,,,,,3.1,,,,,0,NA,50,NA,22-37,22,37,,11.89561661,TEMP,DEM,demersal,COAST,MM,,THOR,ROUN,SLSR,MX,ABS,ABS,,ABS,,BCF,movements of body and/or caudal fin,FLAT,short and / or deep,TOP,SPROJ,,,NONE,,CRYP,,,,,,,,0.26,-1.045022892,0.351683769,16,16,2.60208821,0.00436,3.3188,580.6835388,2947.205407,1500,1500,7.307284743,1491.122905,35,35,TL,57.1,90,TL,3.986064247,0.39,-1.234845041,0.3,Winter+Spring,OVIP,GONO,NONE,NA,,,PRES,NONE,nonguarders,none,OPE,BAY,NA,ANNUAL,,FAC,,,2.5,1.14823148,MED,,,,,0.75,37,,1690,,,,
Reef - piscivores,CON,,RAR,Conger verreauxi,Conger eel,Actinopterygii,Anguilliformes,Congridae,"Castle 1964 (pg. 25); Smith et al., 2013; Ayling and Cox, 1982; Smith 2010 (IUCN)",Non-QMS,commercial,DD,NA,NA,NA,NA,AUSTASIA,Omnivore,CRU+FIS,crustacean,fish,,HP,4.2,,NA,NA,NA,0,0,500,500,0-100,0,100,12,11.18705907,TEMP,DEM,reef-associated,COAST,VA,,ABD,LANC,SLSR,MX,ABS,ABS,,ABS,,BCF,,CYL,eel-like,SIDE,TERM,,,NONE,,CRYP,,,,,,,,,-1.368226795,0.254557943,,NA,2.82099501,0.00066,3.16,2791.126863,12325.33471,5000,5000,8.413112897,4505.764686,125,125,TL,200,200,TL,4.320216588,,-2.070177851,,,OVIP,GONO,OCE,NA,ABS,,,NONE,,,OPE,OCEAN,,ANNUAL,,FAC,,,,1.674356456,VLOW,,,,,0.5,85,,36309.5,,,,
Demersal,PIG,,RAR,Congiopodus leucopaecilus,Pigfish,Actinopterygii,Scorpaeniformes,Congiopodidae,"Ayling and Cox, 1982; Robertson, 1975; Washington et al., 1984",Non-target,of no interest,DD,*,0.2,90,90,SPO,Invert feeder,CRU+MOL+POL,crustacean,polychaete,mollusc,Bma,3.3,,,,,22,22,222,222,22-100,22,100,,12.82630324,TEMP,DEM,demersal,NERITIC,,,THOR,ROUN,SSSR,MX,PRES,ABS,,ABS,,BCF,,COMP,NA,SIDE,TUBU,,,MANY,,CRYP,VIL,,,,,,,,-0.815372289,0.442474568,,NA,2.325358381,0.01,3.04,177.7205409,494.2729628,,NA,5.535020422,253.4129628,25,20,TL,35,35,TL,3.360613856,,-1.336821292,,Spring,OVIP,GONO,NONE,NA,,,,NONE,,,OPE,BAY,,,,SOL,,,,1.132391349,,,1000000,,,0.5195,24,,146,,,,
Demersal,GLB,,RAR,Contusus richei,Globefish,Actinopterygii,Tetraodontiformes,Tetraodontidae,"Ayling and Cox, 1982",,NA,LC,*,129.4,30,60,AUSTASIA,Invert feeder,CRU+MOL+ECH,crustacean,mollusc,echinoderm,Bma,3.4,,,,,0,1,55,50,Jan-55,1,55,,12.77645581,TEMP,DEM,demersal,COAST,,,ABS,EMAR,SSSR,MX,PRES,PRES,,ABS,,BCF,,CYL,short and / or deep,SIDE,INFE,,,MANY,NA,CONSP,CON,,,,,,,,-0.251676764,0.777496012,7,7,1.915923163,0.02512,2.88,61.2579503,279.2162814,,NA,4.740577053,114.5002553,15,NA,NA,25.4,25.4,SL,2.854884587,,-0.984988707,,Summer,OVIP,GONO,NONE,NA,,,,NONE,,,OPE,BAY,,,,SOL,,,,0.753152961,MED,,,,,0.75,37,,PRES,,,,
Demersal,SDO,,RES,Cyttus novaezealandiae,Silver dory,Actinopterygii,Zeiformes,Cyttidae,"Stevenson and Hanchet 2010; Bullman et al., 2001; Ayling and Cox, 1982",,NA,LC,2.5,918.1,63,392,AUSTASIA,Invert feeder,CRU,crustacean,,,Bma,3.8,,,,,20,20,550,450,200-400,200,400,16,14.27300475,TEMP,DEM,demersal,NERITIC,,,ABD,TRUN,DSSR,SR,ABS,ABS,,ABS,,BCF,,COMP,short and / or deep,SIDE,HYPE,,,SOME,7-Sep,CRYP,CAN,NA,30-33,NA,NA,NA,25-40,,-0.988846449,0.372005571,,NA,2.54951322,0.0191,2.965,266.6401181,457.8232958,1113,NA,6.706889418,818.0221528,25,NA,NA,30,40,TL,3.696650545,,-1.533869756,,,OVIP,GONO,OCE,NA,,,,NONE,,,OPE,OCEAN,,,,OBL,,,,1.368467745,,,1000000,,,0.75,29,,1763,,,,
Elasmobranchs - invertivores,BRA,198,RAR,Dasyatis brevicaudata,Shorttail stingray,Elasmobranchiomorphi,Myliobatiformes,Dasyatidae,"Last & Stevens 2009, Francis 2012; Francis, 1996",Non-QMS,NA,LC,,,,,SPO,Invert feeder,CRU+POL+Echin,,,,,3.9,,NA,mainly animals (troph. 2.8 and up),hunting macrofauna (predator),0,0,476,476,5-300,0,200,,20.81335113,TEMP,DEM,demersal,COAST,MS,,NONE,ROUN,NONE,NONE,PRES,ABS,,ABS,,MPF,undulation of median or pectoral fins,FLAT,other,TOP,INFE,,,NONE,,CRYP,,,,,,,,,-1.070597648,0.34280358,,NA,2.222369075,0.01202,3.03,,,0,NA,8.365541768,4296.438782,125,125,TL,430,430,TL,4.866919601,,-2.032422053,,,VIV,GONO,,NA,,PRES,,NONE,bearers,NA,NONE,,internal live bearers,,,,,,,1.171384126,VLOW,50,6-Oct,,,0.5,87,,103.5,0,NOT,SO,1
Reef - invertivores,,1252,RAR,Decapterus koheru,Koheru,Actinopterygii,Perciformes,Carangidae,"Paul, 1992; Francis, 1996; Russel 1983 find: Francis (2001), Francis et al. (1987), Paul (2000), Paulin (1995).",Non-target,minor commercial,NE,NA,NA,NA,NA,AUSTASIA,Invert feeder,ZOO,,,,,3.4,,NA,mainly animals (troph. 2.8 and up),hunting macrofauna (predator),0,0,55,55,0-50,0,50,,25.19415975,TEMP,REEF,pelagic-oceanic,COAST,MM,,ABD,FORK,DSS,SP,ABS,ABS,,ABS,,BCF,movements of body and/or caudal fin,FUS,fusiform / normal,SIDE,TERM,,,MANY,,CRYP,VIL,,,,,,,,0.475507982,1.608831247,10,NA,1.429906996,,,,,,NA,5.16786958,175.5404639,30,30,TL,40,40,TL,3.388277054,,-0.211827315,,,OVIP,GONO,OCE,NA,,,,NONE,nonguarders,none,OPE,OCEAN,Open water/substratum egg scatterers,,,OBL,,,,0.058629917,HIGH,,,,,0.501,26.95,,,,,,
Elasmobranchs - invertivores,SSK,178,RES,Dipturus innominatus,Smooth skate,Elasmobranchiomorphi,Rajiformes,Rajidae,"Francis 1997, Francis et al. 2004, Francis et al. 2001",QMS,commercial,NT,1.1,41.7,43,392,END,Invert feeder,CRU(MUN+SCI)+FIS,,,,HP,4.1,,,,,0,0,1300,1300,0-500,0,500,,12.63338101,DEEP,DEM,demersal,NERITIC,VA,,NONE,ROUN,NONE,NONE,PRES,ABS,,ABS,,MPF,undulation of median or pectoral fins,FLAT,other,TOP,INFE,,,MANY,,CRYP,,,,,,,,,-1.750549294,0.173678517,24,24,2.917103705,0.00302,3.21,,,6000,NA,10.42636237,33737.40256,160,80,TL,240,240,TL,5.239019148,0.095,-2.420229554,-1.06,Spring+Summer,OVIP,GONO,,NA,,,,NONE,nonguarders,NA,,,open water/substratum egg scatterers,,,,112,,13,2.278487164,LOW,13,2,,,0.5,80,,77.2,46297,NOT,CD,1
Pelagic - small,RBT,,RAR,Emmelichthys nitidus,Redbait,Actinopterygii,Perciformes,Emmelichthyidae,"Ewing and Lyle, 2009",QMS,,DD,*,12,129,318,WORLD,Invert feeder,ZOO,crustacean,,,Bma,3.5,,,,,86,,500,,100-400,100,400,26,,DEEP,BATHYDEM,,OCEAN,MS,,ABD,FORK,SSRS,MX,ABS,ABS,,ABS,,BCF,,FUS,,SIDE,HYPE,,,SOME,,CRYP,VOM,,,,,,,,,#VALUE!,10,,,0.00389,3.12,137.5755061,451.322918,,,,#VALUE!,28.7,,,42,,,,0.56,,-0.36,Spring,OVIP,GONO,OCE,,,,,NONE,,,OPE,OCEAN,,ANNUAL,,OBL,24,,2.5,,MED,,,,,0.5156,56,,10100,,,,
Pelagic - small,ANC,,RAR,Engraulis australis,Anchovy,Actinopterygii,Clupeiformes,Engraulidae,"Robertson, 1975; McMillan, 2011",QMS,minor commercial,DD,*,0.4,35,49,AUSTASIA,Omnivore,PLA+COP,crustacean,alga,,O,3,,NA,mainly animals (troph. 2.8 and up),selective plankton feeding,31,31,70,70,31-70,31,70,,16.07166709,SUBTROP,PEL,pelagic-neritic,NERITIC,MM,,ABD,FORK,SSS,MX,ABS,ABS,,ABS,,BCF,,FUS,elongated,SIDE,SPROJ,,,NONE,,CRYP,VOM,57-70,NA,NA,NA,NA,NA,,-0.161712495,0.850685746,6,6,1.666592566,0.00447,3.13,10.66951856,21.45226553,,NA,4.103892429,60.57561557,12,12,SL,15,15,SL,3.055552016,,-0.726880826,,Spring+Summer,OVIP,GONO,NONE,NA,PRES,,,NONE,nonguarders,none,OPE,OCEAN,open water/substratum egg scatterers,,,OBL,,,1,0.401586828,HIGH,,,,,0.502,29,,2010,,,,
Reef - piscivores,HAG,,RAR,Eptatretus cirrhatus,Hagfish,Actinopterygii,Myxiniformes,Myxinidae,"Martini and Bueleg, 2013; Crec’hriou et al., 2015",,NA,LC,NA,NA,NA,NA,SPO,Piscivore,FIS,fish,,,HP,5,,NA,mainly animals (troph. 2.8 and up),hunting macrofauna (predator),0,0,1100,1100,40-700,40,700,,12.44965014,DEEP,BATHYDEM,bathydemersal,NERITIC,VA,,ABS,ROUN,ABS,MX,ABS,ABS,,PRES,,BCF,,CYL,eel-like,TOP,TERM,,,NONE,,CRYP,,NA,NA,NA,NA,5.9-11.2,NA,,-1.441153053,0.236654726,16,NA,2.94276875,0.00513,2.79,468.9854333,1791.473976,1731,NA,8.871883582,7128.695817,60,NA,NA,97,83,TL,4.613738424,,-1.97918385,,AllYear,OVIP,HERM,OCE,non-migratory,,,,NONE,nonguarders,NA,OPE,BAY,NA,,,FAC,42,,,1.892279589,LOW,,,,,0.5,52,,49,,,,
Pelagic - small,WHI,,RAR,Galaxias Spp. ,Whitebait,Actinopterygii,Osmeriformes,Galaxiidae,"McDowell et al., 1994; Hardy, 1989; Ayling and Cox, 1982; McIntosh, 2000 find: Jellyman, 1979",Non-QMS,of no interest,LC,NA,NA,NA,NA,WORLD,Invert feeder,INS+COP+AMP,crustacean,,,Bma,3.2,,,,,0,0,50,50,0-50,0,50,16,,TEMP,DEM,,COAST,MM,,ABD,EMAR,SSSR,MX,ABS,ABS,,ABS,,BCF,,FUS,,SIDE,TERM,,,NONE,,CRYP,VOM,,,,,,,,,#VALUE!,27,27,,0.00389,3.12,0.000447441,0.00389,,,,#VALUE!,0.5,0.5,TL,1,1,TL,,,,,Autumn+Winter,OVIP,GONO,ANA,anadromous,ABS,PRES,PRES,NONE,,,OPE,RIVER,,ANNUAL,,FAC,1,,0.3,,MED,0.08,,,,0.5,30,,PRES,,,,
Elasmobranchs - piscivores,SCH,94,RES,Galeorhinus galeus,"School shark, tope",Elasmobranchiomorphi,Carcharhiniformes,Triakidae,"Francis & Mulligan 1998, Last & Stevens 2009, Ebert et al. 2013",QMS,highly commercial,VU,2.4,75,25,279,WORLD,Piscivore,FIS+Ceph+CRU,,,,HP,4.3,,4.34,mainly animals (troph. 2.8 and up),hunting macrofauna (predator),0,0,1100,1100,2-471,2,471,18,16.47136249,TEMP,BENTHOPEL,benthopelagic,COAST,MES,,ABD,HETE,CART,CART,ABS,ABS,,ABS,,BCF,,FUS,elongated,SIDE,SUBT,,,NONE,0,CRYP,TRI,,,,,,,,-2.252821589,0.10510225,60,60,3.818776229,0.0061,2.94,,,31979.25363,44670,10.23820927,27951.02846,160,160,TL,175,175,TL,5.165984454,0,-2.070439468,0,Spring,OVOV,GONO,OCE,oceanodromous,,,,NONE,bearers,NA,NONE,BAY,internal live bearers,TRIENNIAL,NA,OBL,138,NA,14,2.536539473,VLOW,30,Jun-54,6,52,1,74,Ovoviviparous; female mature sharks give birth when at least 12 years old; young born at about 30 to 40 cm long. In a litter.,2165,1020414.8,NOT,"CD,TO",1
Reef - invertivores,,1547,RES,Gastrocyathus gracilis,Slender clingfish,Actinopterygii,Perciformes,Gobiesocidae,"Francis, 1996; Taylor and Willis, 1998",Non-target,of no interest,NE,NA,NA,NA,NA,END,Invert feeder,COP,,,,,,,NA,mainly animals (troph. 2.8 and up),hunting macrofauna (predator),0,0,7,7,0-7,0,7,,,TEMP,REEF,demersal,COAST,ES,,ABS,CONT,SSR,SR,ABS,ABS,,ABS,,BCF,,EEL,elongated,SIDE,TERM,,,NONE,,CRYP,CON,,,,,,,,,#VALUE!,4,4,,0.000003767,3.145,,,,NA,,#VALUE!,4.5,4.5,TL,5.6,5.6,TL,,,,,Winter+Spring,OVIP,GONO,,NA,,,,NONE,,,OAE,BAY,,,,,,,,,MED,,,,,1,24.94,,,,,,
Demersal,SPZ,,RAR,Genyagnus monopterygius,Spotted stargazer,Actinopterygii,Perciformes,Uranoscopidae,"Ayling and Cox, 1982; Robertson, 1975; Smith et al., 2006",,NA,LC,*,0.5,24,24,AUSTASIA,Omnivore,DEM+FIS+CRU,fish,cephalopod,,HP,4.5,,NA,NA,NA,0,NA,100,100,0-100,0,100,,15.61279486,TEMP,DEM,demersal,COAST,MM,,JUG,EMAR,SLSR,MX,ABS,ABS,,ABS,,BCF,,FUS,elongated,TOP,HYPE,,,SOME,,CRYP,CON,NA,NA,NA,NA,NA,NA,,-0.638867318,0.527890017,,NA,2.1916435,0.00417,3.08,237.6105018,515.2649453,,NA,6.639524709,764.7314366,35,NA,NA,45,45,TL,3.694844657,,-1.269259218,,Summer,OVIP,GONO,OCE,NA,,,,NONE,,,OPE,,,,,SOL,,,,0.866152492,,,630000,,,1,47,,PRES,,,,
Demersal,LIN,,RES,Genypterus blacodes,Ling,Actinopterygii,Ophidiiformes,Ophidiidae,"Ask Matt; Crec’hriou et al., 2015",QMS,highly commercial,DD,2.3,835.8,25,327,AUSTASIA,Omnivore,FIS+CRU+Disc,fish,crustacean,,HP,4.2,,NA,mainly animals (troph. 2.8 and up),hunting macrofauna (predator),22,22,1000,1000,200-550,300,550,16,11.94897006,DEEP,BATHYDEM,bathydemersal,NERITIC,,,JUG,CONT,SLSR,MX,ABS,ABS,,PRES,,BCF,movements of body and/or caudal fin,CYL,elongated,MID,SUBT,,,NONE,,CRYP,,NA,70,NA,NA,NA,NA,0.18,-1.643097071,0.193380202,30,30,3.270707829,0.00212,3.19,8810.49495,22776.06039,7952,25000,9.455207903,12774.52079,118.8,100,TL,160,200,SL,4.890064507,0.08,-2.180375419,-1,Winter,OVIP,GONO,OCE,oceanodromous,,,,NONE,nonguarders,none,OPE,,open water/substratum egg scatterers,,,FAC,,,,2.033202005,LOW,,,,,0.5156,79,,53752.5,,,,
Demersal,,307,RAR,Gonorynchus forsteri,Sandfish,Actinopterygii,Gonorynchiformes ,Gonorynchidae ,Grande 1999,Non-target,of no interest,NE,NA,NA,NA,NA,SPO,Invert feeder,ISO+AMP+BRIT+WORM+LARV,,,,,2,,,,,1,1,1233,1233,1-715,1,715,,17.07681774,TEMP,DEM,demersal,OCEAN,MM,,ABD,TRUN,SSR,SR,ABS,ABS,,ABS,,BCF,,EEL,elongated,MID,INFE,,,SOME,,CRYP,,,,,,,,,-0.406807819,0.665772127,,NA,1.966671036,,,,,,NA,6.035208931,417.88611,,NA,NA,56.5,56.5,TL,3.619052117,,-0.942882272,,,OVIP,GONO,OCE,oceanodromous,PRES,,PRES,NONE,,,OPE,OCEAN,,,,FAC,,,,0.726291948,,,,,,0.5626,43.45,,,,,,
Demersal,SPE,,RAR,Helicolenus percoides,Sea perch,Actinopterygii,Scorpaeniformes,Sebastidae,"Smith et al., 2013; Crec’hriou et al., 2015; Washington et al., 1984",QMS,commercial,DD,NA,NA,NA,NA,SPO,Invert feeder,CRU+SAL+FIS,crustacean,tunicate,fish,HP,4,,NA,mainly animals (troph. 2.8 and up),hunting macrofauna (predator),0,50,750,750,0-350,0,350,12,12.89342241,TEMP,DEM,demersal,NERITIC,MS,,THOR,EMAR,SSRA,MX,ABS,ABS,,ABS,,BCF,,FUS,fusiform / normal,MID,SUBT,,,MANY,Jan-00,CONSP,VIL,24-28,NA,NA,20.2-23.1,33.8-36.6,11.6-13.9,0.1,-2.176395966,0.113449671,37,42,3.561197513,0.0373,2.95,1515.20984,1985.115618,1529,1400,7.311433985,1497.32279,36.5,NA,NA,40,47,TL,3.799616423,0.12,-2.3541242,-0.9,Winter,VIV,GONO,NONE,NA,,,PRES,NONE,bearers,NA,OPE,OCEAN,internal live bearers,ANNUAL,NA,FAC,20,30,5,2.339307917,LOW,,40000-50000,150000,200000,0.502,62,"Females may brood 40,000 to 50,000 larvae at any one time (Ref. 30472).",14075,,,,
Demersal,OPA,,RES,Hemerocoetes monopterygius,Opalfish,Actinopterygii,Perciformes,Percophidae,"Ayling and Cox, 1982; Paul, 1992; find: Berben, 1981",Non-QMS,of no interest,LC,*,5,144,392,END,Invert feeder,CRU,crustacean,,,Bma,4,,,,,5,5,500,500,32-372,32,372,,12.85404512,SUBTROP,DEM,demersal,NERITIC,MS,,JUG,FORK,SLSR,MX,ABS,ABS,,ABS,,BCF,,CYL,elongated,MID,TERM,,,NONE,,CONSP,,,,,,,,,-0.733574351,0.480189553,3,3,2.397213843,0.00389,3.12,44.58237369,127.3745489,,NA,5.463607576,235.9470879,20,NA,NA,28,28,TL,3.337172971,,-1.202182375,,,OVIP,GONO,OCE,NA,,,,NONE,,,OPE,,,,,SOL,,,,0.975849145,MED,,,,,0.5312,33,,PRES,,,,
Elasmobranchs - piscivores,HEP,116,RES,Heptranchias perlo,Sharpnose sevengill shark,Elasmobranchiomorphi,Hexanchiformes,Hexanchidae,Last & Stevens 2009,Non-target,minor commercial,NT,*,5,316,392,WORLD,Piscivore,FIS+Elas+Ceph+Crust,,,,,4.2,,4.16,mainly animals (troph. 2.8 and up),hunting macrofauna (predator),0,0,1000,1000,50-500,50,500,25,17.21433458,DEEP,BATHYDEM,bathydemersal,NERITIC,VA,,ABD,HETE,CART,CART,NONE,ABS,,ABS,,BCF,,FUS,elongated,SIDE,SUBT,,,NONE,0,CONSP,CAN,,,,,,,,-1.441928372,0.236471314,,NA,2.953831452,,,,,,NA,10.22497915,27583.66828,100,100,TL,150,150,TL,5.160182595,,-1.904469041,,,OVOV,GONO,NONE,NA,,,,NONE,bearers,NA,NONE,,internal live bearers,ANNUAL,1,,100,NA,,2.022479665,,25,Jun-20,9,20,1.0781,73,Ovoviviparous. Off Japan the species reproduces year-round (Ref. 45445). In a litter.,,,SP,"DP,SO",3
Elasmobranchs - piscivores,HEX,117,RES,Hexanchus griseus,Sixgill shark,Elasmobranchiomorphi,Hexanchiformes,Hexanchidae,"Last & Stevens 2009, Ebert et al. 2013",Non-QMS,commercial,NT,*,1.7,126,126,WORLD,Piscivore,FIS+MM+Elas(Everything),,,,HP,4.5,,4.48,mainly animals (troph. 2.8 and up),hunting macrofauna (predator),1,1,2500,2500,50-700,50,700,25,17.21433458,DEEP,BATHYDEM,bathydemersal,OCEAN,VA,,ABD,HETE,CART,CART,NONE,ABS,,ABS,,BCF,,FUS,elongated,SIDE,SUBT,,,NONE,0,CONSP,CAN,,,,,,,,-1.441928372,0.236471314,,NA,2.953831452,,,,,,590000,10.22497915,27583.66828,300,300,TL,600,600,TL,5.160182595,,-1.904469041,,Autum-winter,OVOV,GONO,NONE,oceanodromous,PRES,,,NONE,bearers,NA,NONE,,internal live bearers,ANNUAL,1,,420,NA,,2.022479665,,70,22-108,22,108,0.8281,84,Ovoviviparous. In a litter.,,,SP,"DP,SO",3
Reef - invertivores,SHO,,RAR,Hippocampus abdominalis,Seahorse,Actinopterygii,Syngnathiformes,Syngnathidae,"Martinez-Cardenas and Purser 2011; Woods 2002, 2005; Ayling and Cox, 1982",Non-target,of no interest,DD,*,0.2,30,39,SPO,Invert feeder,CRU+COP+AMP,crustacean,,,Bma,3.4,,3.41,mainly animals (troph. 2.8 and up),selective plankton feeding,0,0,104,104,0-50,0,50,20,22.69293265,SUBTROP,DEM,demersal,COAST,MM,,ABS,CONT,SSSR,MX,ABS,ABS,,ABS,,MPF,,CYL,other,SIDE,TUBU,,,NONE,,CRYP,,,,,,,,,0.287523799,1.333122319,,NA,1.148801079,0.00427,3,34.16,183.07625,,NA,1.589880476,4.903162846,20,18,OT,35,35,OT,2.583366557,,0.35868692,,Spring+Summer,OVIP,GONO,NONE,non-migratory,PRES,,,PATERNAL,bearers,paternal,NONE,BAY,external brooders,,NA,FAC,,NA,,-0.446467907,HIGH,,300,100,700,0.5,19,"Sexually dimorphic at the age of 6 months. Do not obviously pair, as do other seahorses; seen in groups at night. Usually 300 young.",64.883,,,,
Demersal,FHD,,RAR,Hoplichthys haswelli,Deepsea flathead,Actinopterygii,Scorpaeniformes,Hoplichthyidae,"Washington et al., 1984",Non-QMS,minor commercial,NE,*,25,296,327,SPO,Piscivore,FIS,,,,,3.7,,,,,30,140,1000,700,400-600,400,600,,12.82630324,DEEP,DEM,bathydemersal,NERITIC,VA,,NONE,TRUN,DSSR,MX,PRES,ABS,,PRES,,BCF,,COMP,elongated,TOP,TERM,,,SOME,5,CONSP,VIL,NA,NA,NA,NA,NA,NA,,-0.815372289,0.442474568,,NA,2.325358381,0.00389,3.12,485.7034438,730.0647353,,NA,5.535020422,253.4129628,43,NA,NA,49,43,TL,3.360613856,,-1.336821292,,,OVIP,GONO,NONE,NA,,,,NONE,,,OPE,OCEAN,,,,,,,,1.132391349,,,,,,0.5002,36,,ABS,,,,
Elasmobranchs - invertivores,GSH,48,RES,Hydrolagus novaezealandiae,Dark ghost shark,Elasmobranchiomorphi,Chimaeriformes,Chimaeridae,"Cox & Francis 1997, Horn 1997, Francis & O'Maolagain 2000; FIND: Francis et al., 1998, Dunn et al., 2010",QMS,minor commercial,LC,2.7,46.7,67,327,END,Invert feeder,CRU+MOL+Echin,,,,HP,3.5,,NA,mainly animals (troph. 2.8 and up),hunting macrofauna (predator),25,25,950,950,150-500,150,500,16,13.94886675,TEMP,BATHYDEM,bathydemersal,NERITIC,VA,,ABD,LANC,DSSR,MX,ABS,ABS,,ABS,,MPF,,CYL,elongated,MID,SUBT,,,SOME,1,CRYP,,,,,,,,,-1.268515148,0.281248925,,NA,2.801409742,0.00245,3.15,,,0,NA,8.716761541,6104.378267,55,55,TL,80,80,TL,4.542026383,0.065,-1.792351085,,,OVIP,GONO,,NA,,,,NONE,nonguarders,NA,,,open water/substratum egg scatterers,,,,40,,,1.743471325,LOW,11,,,,0.5,54,,39.5,119716,NOT,,1
Mesopelagic jelly eaters,BNS,,RAR,Hyperoglyphe antarctica,Bluenose,Actinopterygii,Perciformes,Centrolophidae,"McMillan, 2011 FIND:  Anderson et al. (1998), Gomon et al. (2008), McDowall (1982), Stewart & Roberts (2004)",QMS,commercial,DD,NA,NA,NA,NA,AUSTASIA,Gelatinous inverts,SAL+SQU+MOL+CRU+FIS,cnidarian,crustacean,mollusc,Bma,4,,NA,mainly animals (troph. 2.8 and up),hunting macrofauna (predator),40,40,1500,1500,260-490,260,490,14,11.93200486,DEEP,BENTHOPEL,benthopelagic,NERITIC,VA,,ABD,FORK,DSSR,MX,ABS,ABS,,ABS,,BCF,,FUS,fusiform / normal,SIDE,SUBT,,,SOME,8-Sep,CRYP,VOM,22-25,25,25.0-33.3,NA,NA,NA,0.12,-1.4993261,0.223280578,15,15,3.077909296,0.00933,3.09,4690.666836,11098.38019,63,63000,9.75000244,17154.27066,70,60,TL,92.5,140,TL,4.564897382,0.071,-2.029470779,-0.5,Summer+Autumn,OVIP,GONO,OCE,NA,PRES,,PRES,NONE,nonguarders,NA,OPE,OCEAN,NA,ANNUAL,,FAC,,,15,1.739468472,LOW,,,,,0.5156,51,,11601,,,,
Reef - generalist,,1191,RES,Hypoplectrodes huntii,Red banded perch,Actinopterygii,Perciformes,Serranidae ,"Francis, 1996; Taylor and Willis, 1998; Russell 1983; Francis 2012",Non-target,of no interest,NE,NA,NA,NA,NA,END,Omnivore,FIS+CRA+INV,,,,,,,4.09,mainly animals (troph. 2.8 and up),hunting macrofauna (predator),0,0,100,100,0-100,0,100,,23.15632624,TEMP,REEF,reef-associated,COAST,MM,,THOR,TRUN,DSSR,MX,ABS,ABS,,ABS,,BCF,,FUS,fusiform / normal,TOP,TERM,,,MANY,10,CONSP,VIL,,,,,,,,-0.867817178,0.419867045,,NA,2.587926232,0.00002086,2.973,,,,NA,7.108916656,1222.822091,15.8,15.8,15.8,20,20,TL,3.839795919,0.33,-1.409416092,-0.82,,OVIP,HERM,,NA,,,,NONE,nonguarders,NA,,,NA,,,SOL,,,,1.428379998,HIGH,,,,,0.5039,24.63,,,,,,
Pelagic - small,GAR,,RAR,Hyporhamphus ihi,Garfish,Actinopterygii,Beloniformes,Hemiramphidae,"Ayling and Cox, 1982; Brook 2002",QMS,minor commercial,DD,NA,NA,NA,NA,END,Omnivore,ZOO+LAR,alga,crustacean,larvae,O,3.2,,3.2,mainly animals (troph. 2.8 and up),selective plankton feeding,0,NA,45,NA,0-30,0,30,13,21.4424874,TEMP,PEL,pelagic-neritic,COAST,ES,,ABD,FORK,SSSR,MX,ABS,ABS,,ABS,,BCF,,CYL,eel-like,SIDE,LJPROJ,,,SOME,,CRYP,CON,27-32,55-58,NA,NA,NA,NA,,-0.081559934,0.921677468,8,NA,1.731616241,0.00102,3.06,19.33288192,81.45237372,125,NA,4.549928912,94.62568129,25,22,TL,40,26,SL,3.143705236,,-0.233664891,,Spring+Summer,OVIP,GONO,NONE,NA,PRES,,,NONE,,,OBE,BAY,,ANNUAL,,OBL,22,,2.5,0.351788241,HIGH,,,,,0.5,20,,1718,,,,
Demersal,STA,,RES,Kathetostoma giganteum,Giant stargazer,Actinopterygii,Perciformes,Uranoscopidae,"Ayling and Cox, 1982; Robertson, 1975",QMS,commercial,DD,6.7,2477.5,30,327,END,Omnivore,FIS+Ceph+CRU,fish,cephalopod,crustacean,HP,4.7,,,,,30,30,600,600,200-500,200,500,,10.99841357,TEMP,DEM,demersal,NERITIC,,,JUG,EMAR,SLSR,MX,ABS,ABS,,ABS,,BCF,,FUS,fusiform / normal,TOP,HYPE,,,NONE,,CRYP,,NA,NA,NA,NA,67-82,NA,0.18,-1.103256374,0.331788894,20,20,2.589663052,0.01148,3.05,883.5372449,9039.647583,2529,NA,7.969152479,2890.406646,40,46,TL,85.74,90,TL,4.179503726,0.13,-1.706269433,-0.666,Winter,OVIP,GONO,OCE,NA,,,,NONE,,,OPE,OCEAN,,ANNUAL,,FAC,50,,6,1.28252703,MED,,,,,0.502,51,,154858.6,,,,
Pelagic - large,SKJ,,RAR,Katsuwonus pelamis,Skipjack tuna,Actinopterygii,Perciformes,Scombridae,"Ayling and Cox, 1982; Collette and Nauen 1983; Stequert and Ramcharrun 1996",Non-QMS,highly commercial,LC,NA,NA,NA,NA,WORLD,Omnivore,FIS+CRU+CEP+MOL,crustacean,,,Bma,4.4,,4.43,mainly animals (troph. 2.8 and up),hunting macrofauna (predator),0,0,260,260,0-260,0,260,20,24.62492183,SUBTROP,PEL,pelagic-oceanic,OCEAN,VA,,THOR,FORK,DSSR,MX,ABS,ABS,,ABS,,BCF,movements of body and/or caudal fin,FUS,fusiform / normal,SIDE,TERM,,,MANY,14-16,CRYP,NA,53-63,NA,NA,NA,NA,NA,,-0.085328374,0.918210718,12,12,2.042254409,0.01096,3.11,3714.162859,24464.80762,2465,34500,8.924747726,7515.687081,60,80,FL,110,110,FL,4.498415279,,-0.631605269,,Spring+Summer,OVIP,GONO,OCE,oceanodromous,ABS,,,NONE,nonguarders,NA,OPE,OCEAN,open water/substratum egg scatterers,SERIAL,NA,OBL,41,41,1.5,0.785934221,MED,,80000-1.25mil,80000,2000000,1,40,Fecundity increases with size but is highly variable. Spawns from spring to early fall in subtropical waters with the spawning season becoming shorter as distance from the equator increases. Fecundity per season.,849.5,,,,
Reef - herbivore,,1318,RAR,Kyphosus sydneyanus,Silver drummer,Actinopterygii,Perciformes,Kyphosidae,"Francis, 1996; Russell 1983; Taylor and Willis, 1998 FIND: Clements 2003, Moran and Clements, 2002",Non-target,subsistence fisheries,NE,NA,NA,NA,NA,AUSTASIA,Herbivorous,ALG,,,,,2,,2,mainly plants/detritus (troph. 2-2.19),browsing on substrate,1,1,20,20,0-20,0,20,,23.25666589,TEMP,REEF,demersal,COAST,MM,,ABD,EMAR,DSSR,MX,ABS,ABS,,ABS,,BCF,,COMP,short and / or deep,SIDE,TERM,,,MANY,11,CRYP,VIL,,,,,,,,-0.825641021,0.437954165,60,NA,2.745120005,0.00002261,3.055,,,,1130,7.290049126,1465.642696,57.5,57.5,TL,80,80,TL,3.875375805,,-1.253414452,,,OVIP,GONO,,NA,PRES,,,,,,,,,,,OBL,35,,,1.381124258,LOW,,,,,0.5,58.6,,,,,,
Reef - invertivores,MOK,,RAR,Latridopsis ciliaris,Blue moki,Actinopterygii,Perciformes,Latridae,"Jiang (2002 - thesis); Smith et al., 2013; Ayling and Cox, 1982",QMS,commercial,DD,NA,NA,NA,NA,AUSTASIA,Invert feeder,CRU+MOL,crustacean,mollusc,polychaete,Bma,3.3,,3.25,mainly animals (troph. 2.8 and up),hunting macrofauna (predator),0,10,100,NA,80-100,80,100,10,13.76763283,TEMP,DEM,demersal,NERITIC,VA,,ABD,FORK,DSSR,MX,ABS,ABS,,ABS,,BCF,,FUS,short and / or deep,MID,SUBT,,,SOME,16-17,CRYP,,24-28,NA,28.6-30.3,NA,NA,17.5-22.7,0.12,-1.433686062,0.238428438,43,33,3.287021683,0.055,2.713,3668.4874,11021.04099,2519,NA,8.501244294,4920.888063,60,63,TL,90,80,FL,4.30827056,0.208,-1.64103638,-0.029,Spring,OVIP,GONO,OCE,NA,,,PRES,NONE,,,OPE,OCEAN,,ANNUAL,,FAC,40,,5.5,1.751020826,LOW,,,,,0.7812,50,,29913,,,,
Reef - invertivores,CMO,,RAR,Latridopsis forsteri ,Copper moki,Actinopterygii,Perciformes,Latridae,"Ayling and Cox, 1982",,,DD,NA,NA,NA,NA,AUSTASIA,Invert feeder,CRU+MOL,crustacean,mollusc,polychaete,Bma,3.6,,,,,20,,160,,20-100,20,100,,,TEMP,DEM,,COAST,MS,,ABD,FORK,DSSR,MX,ABS,ABS,,ABS,,BCF,,FUS,,SIDE,SUBT,,,SOME,,CRYP,,,,,,,,,,#VALUE!,,,,0.01202,3.04,1757.006147,3900.866358,,,,#VALUE!,50,,,65,,,,,,,,OVIP,GONO,OCE,,ABS,,,NONE,,,OPE,,,,,OBL,,,,,MED,,,,,0.7812,47,,91,,,,
Reef - invertivores,TRU,,RAR,Latris lineata ,Trumpeter,Actinopterygii,Perciformes,Latridae,"Smith et al., 2013; Bermudes and Ritar 1999; Ayling and Cox, 1982; Tracey and Lyle, 2005, Tracey et al., 2007",QMS,,DD,NA,NA,NA,NA,WORLD,Invert feeder,CRU+CEP,crustacean,cephalopod,,HP,3.7,,,,,5,,400,,20-100,20,100,11,,TEMP,PEL,,NERITIC,VA,,ABD,FORK,DSSR,MX,ABS,ABS,,ABS,,BCF,,FUS,,MID,SUBT,,,MANY,17-19,CRYP,,22-25,NA,29.4-34.5,NA,28.6-37.0,13.7-21.3,0.1,,#VALUE!,43,,,0.01202,3.04,7333.275957,14451.2185,2500,,,#VALUE!,80,,,100,,,,0.15,,-1.46,Winter+Spring,OVIP,GONO,OCE,,,,PRES,NONE,,,OPE,OCEAN,,ANNUAL,,OBL,54,,7,,VLOW,,,,,0.7812,72,,749,,,,
Demersal,SCG,1109,RES,Lepidotrigla brachyoptera,Scaly gurnard,Actinopterygii,Scorpaeniformes,Triglidae,"Ayling and Cox, 1982; Washington et al., 1984",,NA,DD,2.1,768.2,30,318,END,Invert feeder,CRU,crustacean,,,Bma,3.4,,,,,11,11,300,300,100-300,100,300,,16.8096246,TEMP,DEM,demersal,NERITIC,,,THOR,EMAR,DSSR,SP,ABS,ABS,,ABS,,BCF,,FUS,NA,SIDE,SPROJ,,,SOME,8-Oct,CRYP,,7-Aug,33,26-34,NA,23-26,8.4-12.5,,-0.516295492,0.596727039,,NA,2.188093971,0.01,3.04,10.96478196,30.49504148,,NA,5.128658179,168.7904795,10,NA,NA,14,13.95,SL,3.200748793,,-1.016611731,,,OVIP,GONO,NONE,NA,,,,NONE,,,OPE,BAY,,,,FAC,,,,1.019689685,HIGH,,,,,0.5,27,,200,,,,
Demersal,,1057,RES,Leptonotus norae,Longsnout pipefish,Actinopterygii,Gasterosteiformes,Syngnathidae,"Kendrick and Hyndes, 2005 FIND: Dawson, 1980",Non-target,of no interest,LC,NA,NA,NA,NA,END,Invert feeder,CRU,,,,,3.4,,,,,37,37,212,Jul-00,37-212,37,212,,17.63615351,TEMP,DEM,demersal,NERITIC,MM,,ABD,ROUN,SSR,SR,ABS,ABS,,ABS,,BCF,,EEL,eel-like,SIDE,TUBU,,,NONE,,CRYP,,,,,,,,,0.063455034,1.065511573,,NA,1.360917331,,,,,,NA,2.458103829,11.68263825,,NA,NA,30.5,30.5,SL,2.903213812,,-0.038773719,,,OVOV,GONO,NONE,NA,,,ABS,SHEL,bearers,paternal,NONE,BAY,external brooders,,,,14.6,,,-0.118901321,,,,,,,21.52,,,,,,
Demersal,,1058,RES,Lissocampus filum,Shortsnout pipefish,Actinopterygii,Gasterosteiformes,Syngnathidae,"Find: Dawson 1985, Willis and Roberts 1996, Kelly 2008",Non-target,of no interest,LC,NA,NA,NA,NA,END,Invert feeder,CRU,,,,,,,,,,0,0,30,30,0-10,0,10,,17.63615351,TEMP,DEM,demersal,COAST,ES,,ABS,ROUN,SSR,SR,ABS,ABS,,ABS,,BCF,,EEL,eel-like,SIDE,TUBU,,,NONE,,CRYP,,,,,,,,,0.063455034,1.065511573,,NA,1.360917331,,,,,,NA,2.458103829,11.68263825,,NA,NA,11.6,11.6,SL,2.903213812,,-0.038773719,,,OVOV,GONO,NONE,NA,,,ABS,SHEL,bearers,paternal,NONE,BAY,external brooders,,,,0.7,,,-0.118901321,,,,,,,10.53,,,,,,
Demersal,,857,RES,Lotella rhacina,Rock cod,Actinopterygii,Gadiformes,Moridae,"Paulin et al. 1989, Paul 2000",Non-target,of no interest,NE,NA,NA,NA,NA,AUSTASIA,Invert feeder,,,,,,3.5,,,,,0,0,30,30,0-30,0,30,,11.59407685,TEMP,DEM,demersal,COAST,MM,,THOR,ROUN,DSSR,MX,ABS,ABS,,PRES,,BCF,,FUS,elongated,MID,TERM,,,MANY,,CONSP,CAN,,,,,,,,-1.09807603,0.333512134,,NA,2.696251334,,,,,,NA,7.22620986,1375.001169,,NA,NA,34.2,34.2,TL,4.039586249,,-1.618365198,,,,,,NA,PRES,,PRES,,,,,,,,,,,,,1.482415702,,,,,,,59.25,,,,,,
Pelagic - large,HOK,,RES,Macruronus novaezelandiae,Hoki,Actinopterygii,Gadiformes,Merlucciidae,"Coleman and Mobley, 1984; Beentjes et al., 2002",QMS,highly commercial,DD,7.9,2945.4,50,327,AUSTASIA,Omnivore,MYC+NAT+EUP+SQU,fish,crustacean,cephalopod,HP,4.5,,4.53,mainly animals (troph. 2.8 and up),hunting macrofauna (predator),0,0,1000,1000,200-700,200,700,14,11.46816687,TEMP,BENTHOPEL,benthopelagic,NERITIC,MS,,THOR,LANC,SLSR,MX,ABS,ABS,,ABS,,BCF,movements of body and/or caudal fin,FUS,elongated,SIDE,LJPROJ,,,NONE,1,CRYP,CAN,27-30,NA,NA,NA,NA,NA,0.3,-1.439596493,0.23702338,25,25,3.05405641,0.00479,2.89,1804.497184,3038.971252,7000,1500,8.205679433,3661.687672,85,80,TL,101.8,120,TL,4.675616149,0.213,-1.735811877,-2.18,Winter,OVIP,GONO,OCE,oceanodromous,,PRES,,NONE,nonguarders,NA,OPE,OCEAN,open water/substratum egg scatterers,SERIAL,NA,FAC,65,NA,4,1.747982593,LOW,,1000000,NA,1000000,0.5625,66,"On the west coast of Tasmania, the main spawning ground of blue grenadier is off Cape Sorell. In some years, larvae were found off north-eastern Tasmania which might suggest a second spawning ground used by a small proportion of the stock (Ref. 26608).The beginning of the spawning period varies according to differences in water temperature between years. On the average, there is about 1 million eggs produced by a female, which are released all at once.",46843,,,,
Pelagic - large,HAK,,RAR,Merluccius australis,Hake,Actinopterygii,Gadiformes,Merlucciidae,"Horn, 1997",QMS,highly commercial,DD,*,113.9,24,327,WORLD,Omnivore,FIS+SQU,fish,cephalopod,,HP,4.5,,NA,mainly animals (troph. 2.8 and up),hunting macrofauna (predator),24,28,1000,1000,200-800,200,800,9,10.30805009,SUBTROP,BENTHOPEL,benthopelagic,OCEAN,MS,,THOR,EMAR,DSSR,MX,ABS,ABS,,ABS,,BCF,movements of body and/or caudal fin,FUS,elongated,SIDE,LJPROJ,,,SOME,1,CRYP,,Nov-15,NA,24.9-28.3,48.2-55.9,NA,NA,0.2,-1.455880584,0.233194926,25,30,3.218298415,0.00212,3.275,5326.967895,7423.952667,5000,NA,9.159779667,9506.962147,90,80,TL,99.6,155,SL,4.640317974,0.28,-1.729642826,0.08,Spring,OVIP,GONO,OCE,oceanodromous,PRES,,,NONE,,,OPE,OCEAN,,SERIAL,,FAC,85,,7,1.987606647,LOW,,835000,,,0.5,52,,40605,,,,
Demersal,LEA,,RES,Meuschenia scaber,Leatherjacket,Actinopterygii,Tetraodontiformes,Monacanthidae,"Allen 2014; Miller and Stewart 2013; Bulman et al., 2001",QMS,commercial,DD,0.7,270,30,63,AUSTASIA,Invert feeder,Echin+MOL+CRU,echinoderm,crustacean,,Bma,3.1,,3.11,mainly animals (troph. 2.8 and up),hunting macrofauna (predator),20,20,200,200,20-60,20,60,15,19.69927099,TEMP,DEM,demersal,COAST,MS,,ABD,ROUN,DSSR,MX,PRES,ABS,,ABS,,BCF,,FUS,short and / or deep,SIDE,INFE,,,SOME,2,CRYP,,,,,,,,0.3,0.129994751,1.138822405,18,NA,1.561805315,0.02884,2.95,383.6350526,723.6228177,2000,NA,4.690233372,108.878586,25,25,TL,31,31,TL,2.961596299,,-0.618519053,,Winter+Spring,OVIP,GONO,NONE,NA,,,,RDP,,,OPE,BAY,,ANNUAL,,SOL,21,,2,0.381192484,MED,,,,,0.5039,35,,906094.05,,,,
Demersal,GMU,,RAR,Mugil cephalus,Grey mullet,Actinopterygii,Mugiliformes,Mugilidae,"Robertson, 1975",QMS,highly commercial,LC,NA,NA,NA,NA,WORLD,Omnivore,ALG+BINV+DET,alga,crustacean,,H,2.5,,NA,mainly plants/detritus (troph. 2-2.19),variable,0,0,120,120,0-10,0,10,26,19.28253569,SUBTROP,DEM,benthopelagic,NERITIC,MM,,ABD,FORK,DSSR,MX,ABS,ABS,,ABS,,BCF,movements of body and/or caudal fin,FUS,fusiform / normal,SIDE,SUBT,,,SOME,4,CRYP,VIL,46-54,24,NA,NA,19-25,13-28,0.33,-1.112091699,0.328870344,14,16,2.704600303,0.04236,2.862,1629.489801,16595.79316,8000,NA,7.631273832,2061.674576,40,50,SL,90,100,SL,4.089271605,0.587,-1.396543011,1.3469,Summer+Autumn,OVIP,GONO,CAT,catadromous,ABS,,PRES,NONE,nonguarders,none,OPE,OCEAN,open water/substratum egg scatterers,ANNUAL,NA,OBL,35,NA,3,1.348844864,MED,,,NA,NA,0.5,50,Spawning occurs at sea. Eggs and larvae are pelagic (Ref. 30578).,2706,,,,
Elasmobranchs - invertivores,SPO,95,RES,Mustelus lenticulatus,Rig,Elasmobranchiomorphi,Carcharhiniformes,Triakidae,"Francis & Mace 1980, Francis & Francis 1992, Francis 1997, Francis & O'Maolagain 2000",QMS,commercial,LC,2.1,53.3,24,185,END,Invert feeder,CRU+Echin+MOL,CRU,,,,3.5,,3.51,mainly animals (troph. 2.8 and up),hunting macrofauna (predator),0,0,1000,1000,0-250,0,250,15,11.70372101,TEMP,DEM,demersal,NERITIC,MES,,ABD,HETE,CART,CART,ABS,ABS,,ABS,,BCF,,FUS,elongated,SIDE,SPROJ,,,NONE,0,CRYP,MOL,,,,,,,0.25,-1.403284231,0.245788411,20,20,2.697751813,0.000000986,3.32,,,15.53570064,NA,8.809504601,6697.600459,85,85,TL,151,151,TL,4.761200674,0.119,-1.655862857,-2.35,Summer+Autumn,OVOV,GONO,OCE,oceanodromous,,PRES,PRES,NONE,bearers,NA,NONE,BAY,internal live bearers,ANNUAL,NA,OBL,100,NA,8,1.667110293,VLOW,31,11,2,23,0.5,77,Ovoviviparous; gestation period is about 11 months; birth occurs offshore during summer; size at birth about 30 to 32 cm.,1503.7,2408981.75,NOT,CD,1
Elasmobranchs - invertivores,EGR,204,RES,Myliobatis tenuicaudatus,Eagle ray,Elasmobranchiomorphi,Myliobatiformes,Myliobatidae,"Last & Stevens 2009, Francis 2012",Non-QMS,minor commercial,LC,*,8.3,24,39,AUSTASIA,Invert feeder,CRU+MOL+POL,,,,Bma,3.5,,NA,mainly animals (troph. 2.8 and up),hunting macrofauna (predator),0,0,422,422,0-50,0,50,,18.01699551,TEMP,BENTHOPEL,benthopelagic,COAST,MM,,NONE,ROUN,NONE,NONE,PRES,ABS,,ABS,,MPF,undulation of median or pectoral fins,FLAT,other,TOP,INFE,,,SOME,1,CONSP,VIL,,,,,,,,-1.268788451,0.281172069,26,26,2.6716363,0.00389,3.09,,,,NA,8.579669557,5322.3465,100,100,TL,105,105,WD,4.69577749,,-1.914891692,,,VIV,GONO,,NA,,PRES,,PATERNAL,bearers,NA,,,internal live bearers,,,FAC,80,,8,1.65569059,LOW,25,,,,0.5002,59,,284.2,11266,NOT,SO,1
Reef - invertivores,POR,,RAR,Nemadactylus douglasii,Porae,Actinopterygii,Perciformes,Cheilodactylidae,"Stewart and Hughes, 2009; Smith et al., 2013; Taylor and Willis 1998",QMS,minor commercial,DD,NA,NA,NA,NA,AUSTASIA,Invert feeder,CRU+MOL,crustacean,mollusc,,Bma,3.4,,3.44,mainly animals (troph. 2.8 and up),hunting macrofauna (predator),0,0,200,200,10-100,10,100,15,14.94657939,TEMP,DEM,demersal,COAST,MS,,ABD,FORK,DSSR,MX,ABS,ABS,,ABS,,BCF,,FUS,fusiform / normal,MID,SUBT,,,MANY,16-18,CONSP,,NA,NA,NA,NA,37.0-45.0,NA,0.14,-1.586757641,0.204587885,22,NA,3.298511933,0.000003808,3.175,0.943901559,2.171185086,12000,4000,7.110508295,1224.769933,50,NA,NA,65,81,FL,3.836644213,0.37,-1.525591111,-0.41,Autumn,OVIP,GONO,NONE,NA,PRES,,,RDP,,,OPE,BAY,,,,OBL,,,,1.615713346,VLOW,,,,,0.5078,66,,55,,,,
Demersal,TAR,,RES,Nemadactylus macropterus,Tarakihi,Actinopterygii,Perciformes,Cheilodactylidae,"Allen 2014; Annala 1997; Smith et al., 2013; Crec’hriou et al., 2015",QMS,commercial,DD,3.3,1212.3,30,318,WORLD,Omnivore,Echin+CRU+POL+FIS,alga,echinoderm,polychaete,Bma,3.4,,NA,mainly animals (troph. 2.8 and up),hunting macrofauna (predator),22,22,450,450,100-250,100,250,12,12.60779155,SUBTROP,DEM,demersal,COAST,MM,,ABD,FORK,DSSR,MX,ABS,ABS,,ABS,,BCF,,FUS,fusiform / normal,SIDE,SUBT,,,MANY,17-18,CRYP,,NA,NA,NA,NA,36.0-42.0,NA,0.1,-2.109993853,0.121238712,40,50,3.827766174,0.0296,2.92,954.9275005,1309.786059,1438,2900,7.445223558,1711.667906,35,35,TL,39,70,TL,3.92845526,0.234,-1.766374358,-0.57,Summer,OVIP,GONO,OCE,NA,,,PRES,NONE,nonguarders,NA,OPE,OCEAN,NA,ANNUAL,NA,FAC,30,NA,5,2.010804443,LOW,,,100000,1000000,0.5078,50,Age range for fecundity estimation: 3-10 yrs old (Ref. 6390). Spawning probably takes place in midwater at night (Ref. 28623).,515647,,,,
Demersal,TOD,1129,RES,Neophrynichthys latus,Dark toadfish,Actinopterygii,Scorpaeniformes,Psychrolutidae,"Washington et al., 1984, Find: Graham 1956",Non-QMS,of no interest,NE,*,3.3,128,392,END,Omnivore,FIS+WORM+CRA+STAR+SHR,fish,crustacean,echinoderm,,3.4,,,,,16,16,1100,1100,16-151,16,150,,,TEMP,DEM,demersal,NERITIC,MS,,THOR,TRUN,DS,SP,ABS,ABS,,ABS,,BCF,,CYL,NA,SIDE,TERM,,,MANY,Oct-13,CRYP,,,,,,,,,,#VALUE!,,NA,,0.01,3.04,0,112.3603073,,NA,,#VALUE!,,NA,NA,22,21.54,SL,,,,,Winter,OVIP,GONO,NONE,NA,PRES,,,NONE,,,OAE,OCEAN,,,,,,,,,LOW,,13000,,,0.75,42.39,,ABS,,,,
Reef - invertivores,STY,,RAR,Notolabrus celidotus,Spotty,Actinopterygii,Perciformes,Labridae,"Jones, 1980; 1981; Smith et al., 2013; Taylor and Willis 1998",Non-target,NA,LC,*,2.1,24,30,END,Invert feeder,CRU+MOL+POL,crustacean,mollusc,polychaete,Bma,3.4,,3.36,mainly animals (troph. 2.8 and up),hunting macrofauna (predator),22,22,145,145,22-145,22,145,13,13.66915107,TEMP,REEF,reef-associated,COAST,MM,,THOR,TRUN,SLSR,MX,ABS,ABS,,ABS,,MPF,,FUS,fusiform / normal,SIDE,SUBT,,,MANY,9,CONSP,VIL,,,,,,,,-0.63832516,0.528176295,7,7,2.346105162,0.000004722,3.227,0.074567534,0.13250004,,NA,5.78518892,325.4435172,20,NA,NA,23.9,23.9,SL,3.395055749,,-1.249729149,,Spring,VIV,HERM,OCE,NA,ABS,,,RDP,nonguarders,NA,OPE,BAY,NA,ANNUAL,,FAC,10,,2,0.996989606,MED,,,,,0.5078,31,,61,,,,
Reef - invertivores,BPF,,RAR,Notolabrus fucicola,Banded wrasse,Actinopterygii,Perciformes,Labridae,"Denny and Schiel, 2001",,NA,LC,NA,NA,NA,NA,AUSTASIA,Invert feeder,CRU+Echin+MOL+BIV+AMP,crustacean,echinoderm,mollusc,Bma,3.5,,3.65,mainly animals (troph. 2.8 and up),hunting macrofauna (predator),0,NA,10,NA,0-10,0,10,,13.47857701,TROP,REEF,reef-associated,COAST,MM,,THOR,TRUN,SLSR,MX,ABS,ABS,,ABS,,MPF,,FUS,fusiform / normal,MID,SUBT,,,NONE,,CONSP,,,,,,,,,-0.901077142,0.406131962,,NA,2.583279299,0.01,3.08,202.1413802,212.2696223,5000,NA,6.504777272,668.3267975,25,NA,NA,25.4,38,TL,3.622559578,,-1.549304181,,Spring,OVIP,HERM,NONE,NA,,,,RDP,NA,NA,OPE,BAY,NA,ANNUAL,,SOL,,,,1.248282848,MED,,,,,0.5078,52,,583,,,,
Elasmobranchs - piscivores,SEV,118,RES,Notorynchus cepedianus,Broadnose sevengill shark,Elasmobranchiomorphi,Hexanchiformes,Hexanchidae,"Last & Stevens 2009, Ebert et al. 2013",Non-QMS,commercial,DD,,,,,WORLD,Piscivore,FIS+MM+Elas(Everything),,,,,4.7,,4.68,mainly animals (troph. 2.8 and up),hunting macrofauna (predator),0,0,570,570,0-80,0,80,17,18.06976653,SUBTROP,DEM,demersal,NERITIC,VA,,ABD,HETE,CART,CART,NONE,ABS,,ABS,,BCF,,FUS,elongated,SIDE,SUBT,,,NONE,0-Jan,CONSP,CAN,,,,,,,,-1.349501153,0.259369614,50,49,2.88112118,,,,,0,107000,10.69302137,44047.38974,0,150,TL,300,300,TL,5.334428617,0.25,-1.755776853,,,OVOV,GONO,,NA,,,PRES,PATERNAL,bearers,NA,OBE,BAY,internal live bearers,BIENNIAL,NA,,220,NA,16,1.938713711,VLOW,45,82,82,95,1.0781,57,"Ovoviviparous; size at birth between 45 and 53 cm (Ref. 247). Gestation period 12 months. The reproductive cycle appears to be biennial. The nursery areas are in shallow coastal bays, such as San Francisco and Mointerey bays in California (Ref. 45445). In a litter.",0,2636.5,NOT,"DP,SO",2
Reef - invertivores,BUT,,RAR,Odax pullus,Butterfish,Actinopterygii,Perciformes,Odacidae,"Smith et al., 2013; Taylor and Willis 1998",QMS,minor commercial,LC,NA,NA,NA,NA,AUSTASIA,Omnivore,ALG+SWD,alga,,,H,2.1,,2.06,mainly plants/detritus (troph. 2-2.19),browsing on substrate,0,NA,40,NA,0-20,0,20,10,15.2914675,TEMP,DEM,demersal,COAST,VA,,ABD,FORK,SLSR,MX,ABS,ABS,,ABS,,BCF,,FUS,fusiform / normal,SIDE,SUBT,,,MANY,19-23,CRYP,,NA,NA,NA,NA,14.7-26.6,NA,0.38,-0.73325326,0.480343762,11,11,2.447514249,0.0007337,3.498,643.451169,1857.452353,1624,1500,6.443104094,628.3542461,50,NA,NA,67.7,40,SL,3.680757129,0.23,-1.131092145,-1.7,Spring,OVIP,HERM,NONE,NA,,,PRES,NONE,,,OPE,BAY,,,,SOL,30,,2,1.000496702,LOW,,2000-6000,,,0.7502,27,,112397,,,,
Reef - invertivores,SLR,,RAR,Optivus elongatus,Slender roughy,Actinopterygii,Beryciformes,Trachichthyidae,"Taylor and Willis, 1998",Non-target,of no interest,DD,NA,NA,NA,NA,END,Invert feeder,CRU,crustacean,,,Bma,3.5,,3.49,mainly animals (troph. 2.8 and up),hunting macrofauna (predator),0,0,74,74,15-35,15,35,,15.18782045,TEMP,REEF,reef-associated,COAST,VA,,ABD,FORK,SSSR,MX,ABS,ABS,,ABS,,BCF,,FUS,fusiform / normal,SIDE,HYPE,,,SOME,4,CONSP,CAN,24-27,NA,NA,4-Jun,30-38,Nov-13,,-0.769638244,0.463180596,,NA,2.339541156,0.00001739,2.906,0,4.34217994,,NA,5.915015442,370.5600249,,NA,NA,72,72,SL,3.527537845,,-1.653749591,,,OVIP,GONO,OCE,NA,PRES,,,NONE,,,OPE,,,,,OBL,,,,1.331346069,VLOW,,,,,0.625,71,,ABS,,,,
Demersal,SNA,,RES,Pagrus auratus,Snapper,Actinopterygii,Perciformes,Sparidae,"Bulman et al., 2001; Taylor and Willis 1998; Francis 1993",QMS,commercial,LC,3.4,1277.2,24,164,WORLD,Invert feeder,CRU+Echin+POL+MOL,fish,echinoderm,,HP,3.6,,3.59,mainly animals (troph. 2.8 and up),hunting macrofauna (predator),0,0,200,200,0-200,0,200,20,13.36554185,SUBTROP,DEM,reef-associated,COAST,MM,,THOR,FORK,SLS,MX,ABS,ABS,,ABS,,BCF,,FUS,short and / or deep,SIDE,SUBT,,,SOME,,CRYP,,,,,,,,0.075,-1.588471438,0.204237563,60,54,3.162776005,0.00007194,2.793,2.145477623,10.07808553,20000,20000,8.646568985,5690.588705,40,40,TL,69.6,130,TL,4.28940842,0.122,-2.153182992,-0.71,Summer,OVIP,HERM,OCE,oceanodromous,,,PRES,NONE,nonguarders,NA,OPE,BAY,open water/substratum egg scatterers,ANNUAL,NA,FAC,24,NA,3.5,1.749912126,LOW,,,150000,NA,0.5156,69,Annual fecundity for a 4 year-old female.,3242737.9,,,,
Reef - piscivores,BCO,,RAR,Parapercis colias,Blue cod,Actinopterygii,Perciformes,Pinguipedidae,"Crec’hriou et al., 2015",QMS,commercial,LC,*,55.4,30,63,END,Omnivore,FIS+CRU+SAL,fish,crustacean,cnidarian,HP,3.9,,3.89,mainly animals (troph. 2.8 and up),hunting macrofauna (predator),52,52,150,150,52-150,52,150,13,14.42664172,TEMP,DEM,demersal,NERITIC,MS,,THOR,TRUN,SLS,MX,ABS,ABS,,ABS,,BCF,,FUS,elongated,MID,SUBT,,,SOME,5-Jan,CRYP,CON,,,,,,,0.14,-0.745655618,0.474423158,32,17,2.319015427,0.00911,3.33,1438.752146,3298.705839,1623,2500,6.122657642,456.0751699,36.4,35,TL,46.7,45,TL,3.584024026,0.129,-1.32954157,-1.8,Spring,OVIP,HERM,NONE,NA,ABS,,,RDP,,,OPE,BAY,,ANNUAL,,FAC,26,,4.5,0.860548129,MED,,,,,0.5,36,,356840.35,,,,
Reef - invertivores,CMR,,RAR,Paratrachichthys trailli,Common roughy,Actinopterygii,Beryciformes,Trachichthyidae,"Robertson, 1975",Non-target,of no interest,DD,*,54,180,311,SPO,Invert feeder,CRU+POL,crustacean,polychaete,,Bma,3.5,,NA,mainly animals (troph. 2.8 and up),hunting macrofauna (predator),0,20,500,500,72-345,72,345,,15.18782045,TEMP,BATHYPEL,bathypelagic,COAST,VA,,ABD,FORK,SSSR,MX,ABS,ABS,,ABS,,BCF,,FUS,fusiform / normal,SIDE,HYPE,,,SOME,5,CONSP,MOL,23-26,NA,NA,6-Sep,42-48,9-Dec,,-0.769638244,0.463180596,,NA,2.339541156,0.01072,3.02,38.19358173,178.6379028,,NA,5.915015442,370.5600249,15,NA,NA,25,24.6,SL,3.527537845,,-1.653749591,,Summer+Autumn,OVIP,GONO,OCE,NA,PRES,,,NONE,,,OPE,,,,,OBL,,,,1.331346069,VLOW,,,,,0.625,62,,ABS,,,,
Demersal,CUC,,RES,Paraulopus nigripinnis,Cucumberfish,Actinopterygii,Aulopiformes,Paraulopidae,"Ayling and Cox, 1982; Sato et al., 2010",,NA,DD,1.3,488.8,63,392,AUSTASIA,Invert feeder,,,,,,4.1,,NA,NA,NA,50,50,600,600,50-250,50,500,,13.83277069,TEMP,DEM,demersal,NERITIC,MS,,ABD,FORK,SSA,MX,ABS,ABS,,ABS,,BCF,,CYL,elongated,MID,SUBT,,,SOME,NA,CRYP,CAN,24-29,48-50,NA,NA,NA,NA,,-0.243221246,0.784098016,,NA,1.725614004,0.00389,3.12,18.16997499,44.58237369,,NA,4.963715481,143.1245858,15,NA,NA,20,25,FL,3.344702773,,-0.805194085,,,OVIP,GONO,OCE,NA,,,,NONE,,,OPE,,,,,FAC,,,,0.515755351,,,,,,0.5001,18,,ABS,,,,
Demersal,BOA,,RAR,Paristiopterus labiosus,Giant boarfish,Actinopterygii,Perciformes,Pentacerotidae,"Hardy, 1983; Ayling and Cox 1982; Froese and Kesner-Reyes, 2002",Non-QMS,commercial,DD,NA,NA,NA,NA,AUSTASIA,Invert feeder,BINV,crustacean,,,Bma,3.3,,3.33,mainly animals (troph. 2.8 and up),hunting macrofauna (predator),10,20,170,170,15-50,15,50,23,19.54641904,TEMP,DEM,demersal,NERITIC,VA,,ABD,FORK,SLSR,MX,PRES,ABS,,ABS,,BCF,,COMP,short and / or deep,SIDE,SUBT,,,MANY,,CRYP,,,,,,,,,-0.630886965,0.53211962,11,NA,2.322762896,0.01995,3.01,7139.832123,20890.21453,,NA,6.890996099,983.3804742,70,NA,NA,100,100,TL,3.809514367,,-1.128783918,,,OVIP,GONO,OCE,NA,,,,NONE,,,OPE,,,,,SOL,,,,0.910495689,LOW,,,,,0.7501,55,,PRES,,,,
Flatfish,LSO,,RAR,Pelotretis flavilatus,Lemon sole,Actinopterygii,Pleuronectiformes,Pleuronectidae,"Livingston et al., 1987a; Livingston et al., 1987b; Ayling and Cox, 1982; Robertson, 1975",QMS,commercial,LC,*,112.3,24,164,END,Invert feeder,POL+MOL+Echin,polychaete,mollusc,echinoderm,Bma,3.1,,,,,22,22,385,385,22-50,22,50,,10.52787319,TEMP,DEM,demersal,COAST,MM,,THOR,ROUN,SLSR,MX,ABS,ABS,,ABS,,BCF,movements of body and/or caudal fin,FLAT,short and / or deep,TOP,SUBT,,,NONE,,CRYP,CON,7-Oct,40-42,NA,NA,NA,NA,0.8,-1.35474736,0.258012471,,NA,2.870527592,NA,NA,,,,NA,7.203229023,1343.762807,30,30,TL,26.1,NA,NA,3.903523767,1.29,-1.64584829,-0.088,Winter+Spring,OVIP,GONO,NONE,NA,,,PRES,NONE,nonguarders,none,OPE,BAY,NA,ANNUAL,,FAC,,,2.5,1.442229264,MED,,,,,1,29,,85411,,,,
Flatfish,SPS,,RAR,Peltorhamphus latus,Speckled sole,Actinopterygii,Pleuronectiformes,Pleuronectidae,"James, 1972",,NA,LC,*,0.8,24,39,END,Invert feeder,BINV,,,,,3.1,,,,,0,1,55,55,0-25,1,25,,10.52787319,TEMP,DEM,demersal,COAST,MM,,THOR,ROUN,SLSR,MX,ABS,ABS,,ABS,,MPF,,FLAT,short and / or deep,TOP,SUBT,,,NONE,,CRYP,,,,,,,,,-1.35474736,0.258012471,,NA,2.870527592,0.0166,2.98,53.07133838,84.01589789,,NA,7.203229023,1343.762807,15,NA,NA,17.5,17.5,SL,3.903523767,,-1.64584829,,Winter+Spring,OVIP,GONO,NONE,NA,,,PRES,NONE,nonguarders,none,OPE,BAY,NA,ANNUAL,,FAC,,,2.5,1.442229264,MED,,,,,0.625,34,,2000,,,,
Flatfish,ESO,,RAR,Peltorhamphus novaezeelandiae,New Zealand sole,Actinopterygii,Pleuronectiformes,Pleuronectidae,"Livingston et al., 1987a; Livingston et al., 1987b; Ayling and Cox, 1982; Robertson, 1975",QMS,commercial,DD,*,105.6,24,60,END,Invert feeder,POL+CRU+Echin+MOL,crustacean,polychaete,,Bma,3.1,,,,,0,27,50,49,27-50,27,50,,10.52787319,TEMP,DEM,demersal,COAST,MM,,THOR,ROUN,SLSR,MX,ABS,ABS,,ABS,,BCF,movements of body and/or caudal fin,FLAT,short and / or deep,TOP,SUBT,,,NONE,,CRYP,VIL,,,,,,,,-1.35474736,0.258012471,,NA,2.870527592,0.03578,2.6753,483.5992017,947.2830673,600,600,7.203229023,1343.762807,35,35,TL,45,NA,NA,3.903523767,,-1.64584829,,Winter+Spring,OVIP,GONO,NONE,NA,,,PRES,NONE,nonguarders,none,OPE,BAY,NA,ANNUAL,,FAC,,,2.5,1.442229264,MED,,,,,0.625,34,,70101,,,,
Pelagic - large,SBO,,RAR,Pentaceros richardsoni ,Southern boarfish,Actinopterygii,Perciformes,Pentacerotidae,"Hardy, 1983; Ayling and Cox 1982",,,DD,NA,NA,NA,NA,WORLD,Omnivore,FIS+CRU+SAL,fish,crustacean,tunicate,HP,3.5,,,,,0,,1000,,0-300,0,300,,,TEMP,PEL,,NERITIC,VA,,THOR,EMAR,SLS,MX,PRES,ABS,,ABS,,BCF,,COMP,,SIDE,SUBT,,,MANY,13-15,CRYP,,20-23,26,NA,NA,38-45,NA,,,#VALUE!,,,,NA,NA,,,,,,#VALUE!,40,,,56,,,,,,,Spring+Summer,OVIP,GONO,OCE,,,,,NONE,,,OPE,OCEAN,,,,SOL,,,,,MED,,,,,0.5157,44,,330,,,,
Reef - piscivores,HAP,,RAR,Polyprion oxygeneios,Hapuka,Actinopterygii,Perciformes,Polyprionidae,"Wakefield et al., 2009; Francis et al., 1999; McMillan 2011",QMS,commercial,DD,*,64.6,95,217,WORLD,Omnivore,FIS+SQU+CRU,fish,cephalopod,crustacean,HP,4.5,,NA,mainly animals (troph. 2.8 and up),hunting macrofauna (predator),50,50,854,854,50-600,50,600,17,14.63150262,SUBTROP,DEM,demersal,NERITIC,MS,,THOR,EMAR,DSR,MX,ABS,ABS,,ABS,,BCF,,FUS,fusiform / normal,SIDE,HYPE,,,MANY,,CRYP,TRI,,,,,,,0.1,-2.022622604,0.132308018,60,60,3.718423201,0.01072,3,7814.88,43909.12,100000,100000,10.18704572,26556.92226,90,100,TL,160,160,TL,4.8294345,0.00794,-2.26832762,-4.06,Winter,OVIP,GONO,OCE,NA,ABS,,,NONE,nonguarders,NA,OPE,OCEAN,NA,ANNUAL,NA,FAC,85,92,12,2.266591436,VLOW,,,1500000,5800000,0.8125,58,NA,73033.5,,,,
Elasmobranchs - piscivores,BWS,106,RAR,Prionace glauca,Blue shark,Elasmobranchiomorphi,Carcharhiniformes,Carcharhinidae,"Manning & Francis 2005, Last & Stevens 2009, Ebert et al. 2013",QMS,commercial,NT,,,,,WORLD,Piscivore,FIS+CEPH+ELAS+CRU+BIRD,,,,,4.4,,,,,0,0,1000,1000,80-220,80,220,15.5-20,12.3941811,SUBTROP,PEL,pelagic-oceanic,OCEAN,VA,,ABD,HETE,CART,CART,ABS,ABS,,ABS,,BCF,,FUS,fusiform / normal,SIDE,SUBT,,,NONE,0,CRYP,TRI,,,,,,,0.2,-1.54192,0.213969885,22,22,3.005749362,0.00513,3.11,,,634634.8808,,12.40829909,244825.0336,335,335,,383,383,TL,5.818809374,0.1106,-2.035637584,-1.2427,Spring,VIV,GONO,OCE,,,PRES,,PATERNAL,bearers,,NONE,OCEAN,,ANNUAL,,SOL,216,,8,2.181971795,VLOW,40,4-135,,,1,77,,,647,NOT,SO,1
Pelagic - large,TRE,,RAR,Pseudocaranx dentex,Trevally,Actinopterygii,Perciformes,Carangidae,"Crec’hriou et al., 2015; Taylor and Willis 1998",QMS,commercial,LC,NA,NA,NA,NA,WORLD,Invert feeder,EUP+CRU+POL+MOL+Echin,crustacean,polychaete,mollusc,Bma,3.9,,3.92,mainly animals (troph. 2.8 and up),hunting macrofauna (predator),10,10,238,238,Oct-40,10,25,20,14.97330643,TROP,REEF,reef-associated,COAST,MM,,THOR,FORK,DSSR,MX,ABS,ABS,,ABS,,BCF,movements of body and/or caudal fin,FUS,fusiform / normal,SIDE,SUBT,,,SOME,8-Sep,CRYP,CON,,,,,,,,-0.683067669,0.50506524,40,49,2.469929986,0.00001349,3.064,1.093260767,2.343211858,2585,18120,7.296716853,1475.447854,40,40,TL,51.3,122,TL,3.905914472,0.28,-1.442005059,-0.25,Summer,OVIP,GONO,OCE,NA,,,PRES,NONE,nonguarders,none,OPE,OCEAN,Open water/substratum egg scatterers,SERIAL,,OBL,35,,,1.166106272,MED,,,,,0.5625,74,,796989,,,,
Reef - invertivores,SPF,,RAR,Pseudolabrus miles ,Scarlet wrasse,Actinopterygii,Perciformes,Labridae,"Jones, 1980; 1981; Robertson, 1975; Crec’hriou et al., 2015",,,LC,NA,NA,NA,NA,END,Invert feeder,CRA,crustacean,,,Bma,3.6,,,,,0,,40,,Oct-40,10,40,,,TEMP,REEF,,COAST,MM,,THOR,TRUN,SLSR,MX,ABS,ABS,,ABS,,MPF,,FUS,,SIDE,SUBT,,,SOME,9-Jan,CONSP,VIL,,,,,,,,,#VALUE!,,,,0.0192,3.12,441.4424117,313.3827202,333,,,#VALUE!,25,,,22.4,,,,,,,Spring,OVIP,HERM,NONE,,ABS,,,RDP,,,OAE,BAY,,ANNUAL,,FAC,,,,,MED,,,,,0.5002,41,,227,,,,
Demersal,RCO,,RES,Pseudophycis bachus,Red cod,Actinopterygii,Gadiformes,Moridae,"Beentjes and Renwick 2001; Kemp et al., 2012; FAO fisheries; Arkhipkin et al., 2001; Ayling and Cox, 1982; Beentjes et al., 2002; Brickle et al., 2011",QMS,highly commercial,DD,3.4,1249.3,24,327,SPO,Omnivore,CRU+FIS+CEP,crustacean,fish,cephalopod,HP,4.5,,NA,mainly animals (troph. 2.8 and up),hunting macrofauna (predator),26,26,700,700,200-300,200,300,13,12.09660292,SUBTROP,DEM,demersal,NERITIC,MS,,JUG,TRUN,DSSR,MX,ABS,ABS,,PRES,,BCF,movements of body and/or caudal fin,FUS,fusiform / normal,SIDE,TERM,,,NONE,,CRYP,,Dec-20,44-46,24.1-30.1,11.2-14.8,NA,4.5-8.2,0.76,-0.736587545,0.478744827,6,NA,2.41317687,0.009249,3.001,1544.981241,2550.631758,5216,NA,7.747341996,2315.409859,55,55,TL,65,90,TL,4.149248157,0.49,-1.106064836,0.2,Winter+Spring,OVIP,GONO,NONE,NA,ABS,PRES,,NONE,,,OPE,OCEAN,,SERIAL,NA,FAC,50,NA,2.5,1.172288691,MED,,4.5-9million,NA,30000000,0.625,35,    ,6709455.3,,,,
Reef - invertivores,SBR,,RAR,Pseudophycis barbata,Southern bastard cod,Actinopterygii,Gadiformes,Moridae,"FAO fisheries; Ayling and Cox, 1982",Non-QMS,minor commercial,DD,*,12.6,180,217,SPO,Omnivore,CRU+FIS,crustacean,fish,,HP,3.5,,NA,mainly animals (troph. 2.8 and up),hunting macrofauna (predator),0,0,520,300,0-300,0,300,,11.84533989,TEMP,REEF,demersal,NERITIC,,,JUG,ROUN,DSSR,MX,ABS,ABS,,PRES,,BCF,movements of body and/or caudal fin,FUS,elongated,SIDE,TERM,,,NONE,,CONSP,,Oct-16,48-51,25.5-30,13.8-15.6,NA,NA,,-0.917331787,0.399583795,,NA,2.554714102,0.00372,3.12,151.0640955,1529.274526,,NA,7.486775928,1784.290129,30,NA,NA,63,63,TL,4.094417203,,-1.362215017,,Summer,OVIP,GONO,OCE,NA,PRES,,,NONE,,,OPE,,,,,SOL,,,,1.327352196,VLOW,,,,,0.625,66,,PRES,,,,
Demersal,BRC,,RAR,Pseudophycis breviuscula,Northern bastard cod,Actinopterygii,Gadiformes,Moridae,"FAO fisheries; Ayling and Cox, 1982; Taylor and Willis 1998",Non-QMS,subsistence fisheries,DD,NA,NA,NA,NA,AUSTASIA,Omnivore,CRU+FIS,crustacean,fish,cephalopod,HP,3.7,,NA,mainly animals (troph. 2.8 and up),hunting macrofauna (predator),0,0,273,273,0-100,0,100,,11.84533989,TEMP,REEF,reef-associated,NERITIC,VA,,JUG,TRUN,DSSR,MX,ABS,ABS,,PRES,,BCF,movements of body and/or caudal fin,FUS,elongated,SIDE,TERM,,,NONE,,CONSP,,Jul-14,42-44,22.6-28.3,10.6-15.2,NA,5.9-9.3,,-0.917331787,0.399583795,,NA,2.554714102,0.000008762,3.008,0.030219394,0.140477508,,NA,7.486775928,1784.290129,15,NA,NA,25,25,TL,4.094417203,,-1.362215017,,,OVIP,GONO,OCE,NA,,,,NONE,,,OPE,,,,,SOL,,,,1.327352196,MED,,,,,0.625,39,,392,,,,
Pelagic - large,SKI,,RES,Rexea solandri,Gemfish,Actinopterygii,Perciformes,Gempylidae,"Ayling and Cox, 1982",QMS,commercial,DD,0.7,275.5,150,392,SPO,Piscivore,FIS+SQU+CRU,fish,cephalopod,crustacean,HP,4.3,,NA,mainly animals (troph. 2.8 and up),hunting macrofauna (predator),100,100,800,800,300-450,300,450,,12.59587375,DEEP,BENTHOPEL,benthopelagic,OCEAN,,,THOR,FORK,DSSR,MX,ABS,ABS,,ABS,,BCF,,FUS,elongated,SIDE,TERM,,,MANY,17-18,CRYP,CON,NA,NA,25.6-32.2,NA,16.7-20.0,17.9-24.4,0.25,-1.187137049,0.305093483,16,16,2.777495238,0.0095,3.47,82741.54105,92920.14413,16000,16000,7.369745278,1587.229429,100,NA,NA,103.4,110,SL,4.111355083,0.231,-1.587609179,-0.1,Winter,OVIP,GONO,OCE,oceanodromous,,,,NONE,nonguarders,NA,OPE,OCEAN,open water/substratum egg scatterers,,NA,OBL,53,NA,3,1.361609131,LOW,,,500000,4000000,0.5078,62,"Spawning aggregations occur off the coast at 300 to 450 m depth in winter (May to September). Spawning takes place in August (Ref. 6390).
Mature gemfish undergo an annual spawning migration which begins with fish aggregating off northeastern Bass Strait in autumn, followed by movement of the aggregated fish into waters off New South Wales (Ref. 26613). The migrating schools usually reach the Sydney to Wollongong region by the end of June and typically peak in abundance during July. There can be some variability from year to year in the timing of the migration, but most fish reach the spawning grounds by early to mid-August. The only confirmed spawning area for gemfish in Australian waters is off the central to northern New South Wales coast (Ref. 28786), the western stock of gemfish spawns in waters west of Bass Strait.
The ratio of female to male gemfish in the spawning stock varies from year to year (Ref. 28790). For example, there was a higher percentage of females in the 1990 spawning run (Ref. 28791).",1776,,,,
Flatfish,YBF,,RAR,Rhombosolea leporina,Yellow-belly flounder,Actinopterygii,Pleuronectiformes,Pleuronectidae,"Livingston et al., 1987a; Livingston et al., 1987b; Ayling and Cox, 1982; Robertson, 1975",QMS,commercial,DD,NA,NA,NA,NA,END,Invert feeder,CRU+POL+MOL,crustacean,polychaete,mollusc,Bma,3.1,,,,,0,1,50,50,0-50,0,50,,11.97297489,TEMP,DEM,demersal,COAST,MM,,THOR,ROUN,SLSR,MX,ABS,ABS,,ABS,,BCF,movements of body and/or caudal fin,FLAT,short and / or deep,TOP,SUBT,,,NONE,,CRYP,,,,,,,,,-0.53532093,0.585481362,,NA,2.161985562,0.07189,2.5117,368.7686039,1330.366938,600,600,6.787777181,886.9398622,30,NA,TL,50,32,TL,3.863800939,,-0.742090933,,Winter+Spring,OVIP,GONO,NONE,0,,,PRES,NONE,nonguarders,none,OPE,BAY,NA,ANNUAL,,FAC,,,2.5,0.736801274,MED,,4000,,,0.5625,22,,50906.8,,,,
Flatfish,SFL,,RES,Rhombosolea plebeia,Sand flounder,Actinopterygii,Pleuronectiformes,Pleuronectidae,"Livingston et al., 1987a; Livingston et al., 1987b; Ayling and Cox, 1982; Robertson, 1975",QMS,commercial,LC,0.5,174,24,43,END,Invert feeder,POL+MOL+CRU,crustacean,polychaete,mollusc,Bma,3.1,,,,,22,22,100,100,22-50,22,50,,11.57365741,TEMP,DEM,demersal,COAST,MM,,THOR,TRUN,SLSR,MX,ABS,ABS,,ABS,,BCF,movements of body and/or caudal fin,FLAT,short and / or deep,TOP,SUBT,,,NONE,,CRYP,VOM,Oct-19,31-33,NA,NA,56-67,28-43,1.2,-0.592530485,0.552926341,,NA,2.228185507,0.03846,2.6584,324.9289622,2042.305677,195,NA,6.84042937,934.8904627,30,30,TL,59.9,43,TL,3.855027851,0.23,-0.982715429,-0.083,Spring+Summer,OVIP,GONO,NONE,NA,,,PRES,NONE,nonguarders,none,OPE,BAY,NA,ANNUAL,,FAC,,,2.5,0.87470011,MED,,,,,0.5625,22,,2248123,,,,
Flatfish,BFL,,RAR,Rhombosolea retiaria,Black flounder,Actinopterygii,Pleuronectiformes,Pleuronectidae,"Ayling and Cox, 1982",QMS,commercial,DD,NA,NA,NA,NA,END,Invert feeder,POL+CRU+ALG,polychaete,crustacean,alga,O,3.1,,,,,0,NA,50,NA,0-50,0,50,,11.25636844,SUBTROP,DEM,demersal,COAST,MM,,THOR,ROUN,SLSR,MX,ABS,ABS,,ABS,,BCF,movements of body and/or caudal fin,FLAT,short and / or deep,TOP,SUBT,,,NONE,,CRYP,,23-29,31-32,NA,NA,50-60,58-89,,-0.859909707,0.423200292,4,NA,2.448929843,0.01698,2.98,248.7705187,248.7705187,,NA,7.012672533,1110.618707,25,NA,NA,25,25,TL,3.895655399,,-1.160323168,,Winter+Spring,OVIP,GONO,CAT,catadromous,,PRES,PRES,NONE,nonguarders,none,OPE,OCEAN,NA,ANNUAL,,FAC,,,2.5,1.048366301,MED,,,,,0.5625,33,,13927,,,,
Flatfish,GFL,,RAR,Rhombosolea tapirina,Greenback flounder,Actinopterygii,Pleuronectiformes,Pleuronectidae,"Ayling and Cox, 1982",QMS,commercial,DD,*,0.9,30,30,AUSTASIA,Invert feeder,CRU+POL+MOL,crustacean,polychaete,mollusc,Bma,3.1,,,,,0,0,100,100,0-100,0,100,,10.95096828,SUBTROP,DEM,demersal,COAST,MM,,THOR,ROUN,SLSR,MX,ABS,ABS,,ABS,,BCF,movements of body and/or caudal fin,FLAT,short and / or deep,TOP,SPROJ,,,NONE,,CRYP,CAN,15-19,34-36,27-32,NA,52-69,19-22,0.85,-0.957040055,0.384027907,5,NA,2.53502071,NA,NA,,,600,NA,7.219254559,1365.470803,40,NA,NA,55.82,45,TL,3.960269039,0.26,-1.270638021,-1.06,Winter,OVIP,GONO,NONE,NA,,,PRES,NONE,nonguarders,none,OPE,BAY,NA,ANNUAL,,FAC,,,2.5,1.139734556,HIGH,,,,,0.5625,40,,232372.2,,,,
Pelagic - small,PIL,,RAR,Sardinops sagax,Pilchard,Actinopterygii,Clupeiformes,Clupeidae,"Whitehead et al., 1985; Ayling and Cox, 1982; Robertson, 1975; McMillan, 2011; Paul et al., 2001",QMS,highly commercial,DD,*,0.2,24,24,AUSTASIA,Omnivore,PLA,alga,crustacean,,O,2.8,,2.84,plants/detritus+animals (troph. 2.2-2.79),selective plankton feeding,0,0,200,200,0-200,0,200,23,16.80320134,SUBTROP,PEL,pelagic-neritic,NERITIC,MM,,ABD,FORK,SSS,MX,ABS,ABS,,ABS,,BCF,movements of body and/or caudal fin,FUS,fusiform / normal,SIDE,TERM,,,NONE,,CRYP,VOM,NA,49-52,NA,NA,NA,NA,0.56,-0.958099048,0.383621439,9,25,2.650034556,3.7,3.3,72711.09915,151846.1387,170,486,5.020390875,151.4704983,20,20,SL,25,39.5,SL,3.304109353,0.41,-0.821080387,-0.15,Spring+Summer,OVIP,GONO,OCE,oceanodromous,PRES,,,NONE,nonguarders,NA,OPE,OCEAN,open water/substratum egg scatterers,ANNUAL,NA,OBL,10,NA,2,1.233325065,MED,,110400,30000,65000,1,34,"No evidence of spawning occurred below 12.8 C (Ref. 6885). Spawning takes place mainly during the first part of the night, and most of the eggs remain on the surface (upper 50 m) (Ref. 6885). Large individuals may produce about 200,000 eggs during a season (Ref. 6885).",19469,,,,
Mackerels,EMA,,RAR,Scomber australasicus,Blue mackerel,Actinopterygii,Perciformes,Scombridae,"Ayling and Cox, 1982",QMS,commercial,LC,*,5.9,25,25,WORLD,Omnivore,COP+FIS+SAL,crustacean,fish,tunicate,HP,4.2,,4.23,mainly animals (troph. 2.8 and up),hunting macrofauna (predator),1,1,145,145,0-200,0,200,20,22.54670439,SUBTROP,PEL,pelagic-neritic,NERITIC,MS,,THOR,FORK,DSR,MX,ABS,ABS,,ABS,,BCF,movements of body and/or caudal fin,FUS,fusiform / normal,SIDE,TERM,,,MANY,Oct-13,CRYP,,25-35,31,NA,NA,NA,NA,,-0.563577009,0.569169494,16,NA,2.075562786,0.00891,3.05,456.3365338,1598.307264,2.14,1360,6.553963399,702.0210568,35,30,FL,52.79,44,FL,3.672194133,0.15,-0.9712318,-3.19,Summer,OVIP,GONO,OCE,oceanodromous,,PRES,,NONE,,,OPE,BAY,,SERIAL,,OBL,28,,2,0.780220049,MED,,,,,0.5625,43,,203131,,,,
Demersal,,1099,RES,Scorpaena papillosa,Red scorpionfish,Actinopterygii,Scorpaeniformes,Scorpaenidea,"Francis 1996, Paulin et al., 1989",Non-target,of no interest,NE,NA,NA,NA,NA,AUSTASIA,Omnivore,SHR+CRA+FIS,,,,,,,NA,mainly animals (troph. 2.8 and up),NA,0,0,188,188,0-50,0,50,,15.42850499,TEMP,DEM,demersal,COAST,ES,,ABD,ROUN,DSSR,MX,PRES,PRES,,ABS,,BCF,,FUS,fusiform / normal,MID,TERM,,,MANY,12,CONSP,VIL,,,,,,,,-0.773293976,0.461490424,,NA,2.156556541,,,,,,NA,5.054272042,156.6904248,,NA,NA,30,30,TL,3.1804213,,-1.579746246,,,,,,NA,PRES,,,,,,,,,,,,,,,0.792898423,,,,,,,45.03,,,,,,
Pelagic - large,KIN,,RAR,Seriola lalandi,Kingfish,Actinopterygii,Perciformes,Carangidae,"Moran et al., 2007; Gillanders et al., 1999; Brodie et al., 2015",QMS,minor commercial,LC,*,41.3,30,90,WORLD,Omnivore,FIS+CRU+SQU,fish,crustacean,cephalopod,HP,4.2,,4.16,mainly animals (troph. 2.8 and up),hunting macrofauna (predator),3,3,825,825,27-90,27,90,25,19.45752905,SUBTROP,BENTHOPEL,benthopelagic,OCEAN,MM,,THOR,FORK,DSSR,MX,ABS,ABS,,ABS,,BCF,movements of body and/or caudal fin,FUS,fusiform / normal,SIDE,TERM,,,MANY,7-Aug,CRYP,VIL,NA,NA,NA,NA,NA,NA,0.2,-0.46279716,0.629520311,12,12,2.374164285,0.03651,2.762,20188.79669,25258.90207,96800,96840,9.943511202,20816.70779,120,80,TL,130.14,250,TL,4.789475718,0.128,-1.559879869,-0.919,Spring+Summer,OVIP,GONO,OCE,NA,PRES,PRES,PRES,NONE,nonguarders,none,OPE,OCEAN,Open water/substratum egg scatterers,SERIAL,,OBL,97,,3,1.246632474,LOW,,,,,0.502,69,,6890.5,,,,
Mesopelagic jelly eaters,WAR,,RES,Seriolella brama,Blue warehou,Actinopterygii,Perciformes,Centrolophidae,"Robertson, 1975",QMS,commercial,DD,0.9,334.8,24,150,SPO,Gelatinous inverts,SAL+EUP+AMP,cnidarian,crustacean,mollusc,Bma,3.7,,NA,mainly animals (troph. 2.8 and up),hunting macrofauna (predator),22,22,400,400,22-400,22,400,15,11.98482325,TEMP,BENTHOPEL,benthopelagic,NERITIC,,,ABD,FORK,DSSR,MX,ABS,ABS,,ABS,,BCF,,FUS,fusiform / normal,SIDE,SUBT,,,SOME,6-Aug,CRYP,,24,25,NA,NA,NA,NA,0.24,-1.036590209,0.354661946,22,15,2.65609073,0.016,3.07,2630.013005,6025.329111,4802,4000,7.792430093,2422.1966,50,50,TL,65.5,76,TL,4.082783792,0.169,-1.470185706,-1.35,Winter,OVIP,GONO,OCE,NA,ABS,,,NONE,nonguarders,NA,OPE,BAY,NA,,,FAC,,,,1.262890913,MED,,,,,0.5156,56,,1878013,,,,
Mesopelagic jelly eaters,SWA,,RAR,Seriolella punctata,Silver warehou,Actinopterygii,Perciformes,Centrolophidae,,QMS,commercial,DD,*,125.8,38,327,WORLD,Gelatinous inverts,SAL+CRU+FIS,cnidarian,,,Bma,3.4,,NA,mainly animals (troph. 2.8 and up),filtering plankton,27,27,650,650,27-650,27,650,14,12.21857223,TEMP,BENTHOPEL,benthopelagic,NERITIC,MS,,ABD,FORK,DSSR,MX,ABS,ABS,,ABS,,BCF,,FUS,fusiform / normal,SIDE,SUBT,,,SOME,,CRYP,,,,,,,,0.24,-0.913048231,0.401299105,19,15,2.60679244,0.00473,3.38,2614.446477,3498.49549,3089,NA,7.575266112,1949.378947,50,51,FL,54.5,66,TL,4.022872809,0.33,-1.242320329,-1.04,Spring+Summer,OVIP,GONO,OCE,oceanodromous,PRES,PRES,PRES,NONE,nonguarders,NA,OPE,OCEAN,NA,ANNUAL,,OBL,14-Feb,,4,1.167578588,MED,,,,,0.5156,33,,21624,,,,
Reef - invertivores,SDR,,RAR,Solegnathus spinosissimus,Spiny seadragon,Actinopterygii,Syngnathiformes,Syngnathidae,"Ayling and Cox, 1982",,NA,DD,*,0.6,51,217,SPO,Invert feeder,CRU,crustacean,,,Bma,3.5,,,,,2,2,550,550,50-375,50,375,,17.63615351,TEMP,DEM,demersal,NERITIC,MS,,ABS,CONT,SSSR,MX,ABS,ABS,,ABS,,MPF,,CYL,eel-like,SIDE,TUBU,,,NONE,,CRYP,VIL,,,,,,,,0.063455034,1.065511573,,NA,1.360917331,0.00054,3.11,51.85615751,97.47731738,,NA,2.458103829,11.68263825,40,NA,NA,49,49,TL,2.903213812,,-0.038773719,,,OVIP,GONO,NONE,NA,ABS,,,PATERNAL,bearers,paternal,NONE,BAY,external brooders,,,SOL,20.6,,,-0.118901321,MED,,,,,0.5312,32,,PRES,,,,
Elasmobranchs - piscivores,HHS,108,RAR,Sphyrna zygaena,"Hammerhead shark, smooth hammerhead",Elasmobranchiomorphi,Carcharhiniformes,Sphyrnidae,"Last & Stevens 2009, Coelho et al. 2011, Ebert et al. 2013",Non-target,commercial,VU,,,,,WORLD,Piscivore,SQU+FIS+ELAS+CRU,SQU,CRU,,,4.9,,4.94,mainly animals (troph. 2.8 and up),hunting macrofauna (predator),0,0,200,200,0-20,0,20,26,22.13405263,SUBTROP,PEL,pelagic-oceanic,COAST,VA,,ABD,HETE,DSR,CART,PRES,ABS,,ABS,,BCF,,FUS,elongated,SIDE,SPROJ,,,NONE,0,CRYP,CAN,,,,,,,,-1.511639805,0.220548026,20,NA,3.097592124,0.00269,3.16,,,400,400000,10.06408255,23484.18628,335,335,TL,370,500,TL,5.211026695,,-1.745467921,,,VIV,GONO,OCE,oceanodromous,,,PRES,NONE,bearers,NA,NONE,,internal live bearers,,NA,SOL,265,NA,,2.014544499,LOW,55,20-50,29,37,0.5029,85,Viviparous with a yolk-sac placenta; size at birth 50 to 61 cm. In a litter.,0,0,NOT,SO,1
Pelagic - small,SPB,,RAR,Sprattus antipodum,New Zealand blueback sprat,Actinopterygii,Clupeiformes,Clupeidae,"Whitehead et al., 1985; Ayling and Cox, 1982; Robertson, 1975; McMillan, 2011; Coleman, 1973",QMS,subsistence fisheries,DD,*,0.2,35,37,END,Omnivore,ZOO,alga,crustacean,,O,3.2,,,,,0,0,110,110,0-72,0,72,12,14.47643698,TEMP,PEL,pelagic-neritic,NERITIC,MS,,ABD,FORK,SSS,MX,ABS,ABS,,ABS,,BCF,,FUS,fusiform / normal,SIDE,TERM,,,NONE,,CRYP,CON,NA,48-51,NA,NA,NA,NA,NA,-0.25527254,0.774705331,NA,NA,1.769132947,0.00741,3.1,9.328637301,16.41648109,,NA,3.538946389,34.43062359,10,9,SL,12,12,SL,2.834995222,NA,-0.556043687,NA,Winter+Spring,OVIP,GONO,OCE,NA,PRES,,PRES,NONE,,,OPE,BAY,,SERIAL,,OBL,8,,NA,0.597046827,HIGH,,3500,,,0.5312,13,,ABS,,,,
Pelagic - small,SPR,,RAR,Sprattus muelleri,New Zealand sprat,Actinopterygii,Clupeiformes,Clupeidae,"Barker 1973; Whitehead et al., 1985; Ayling and Cox, 1982; Coleman, 1973",QMS,subsistence fisheries,DD,*,1.2,30,90,END,Omnivore,ZOO,alga,crustacean,,O,3.2,,,,,28,28,110,110,28-110,28,110,11,14.47643698,TEMP,PEL,pelagic-neritic,NERITIC,MS,,ABD,FORK,SSS,MX,ABS,ABS,,ABS,,BCF,,FUS,fusiform / normal,SIDE,TERM,,,NONE,,CRYP,CON,NA,43-47,NA,NA,NA,NA,NA,-0.25527254,0.774705331,NA,NA,1.769132947,0.00741,3.1,9.328637301,21.0398481,,NA,3.538946389,34.43062359,10,10,SL,13,13,SL,2.834995222,NA,-0.556043687,NA,Winter+Spring,OVIP,GONO,OCE,NA,PRES,,PRES,NONE,nonguarders,NA,OPE,OCEAN,open water/substratum egg scatterers,SERIAL,,OBL,,,NA,0.597046827,HIGH,,4000,,,0.5312,14,,ABS,,,,
Elasmobranchs - generalist,SPD,128,RES,Squalus acanthias,Spiny dogfish,Elasmobranchiomorphi,Squaliformes,Squalidae,"Hanchet & Ingerson 1997, Francis 2012; Find: Hanchet 1988, 1991",QMS,commercial,LC,22.7,93.3,24,327,WORLD,Omnivore,FIS+CRU+SQU+SAL+Disc,FIS,CRU,,Bma,4.4,,4.37,mainly animals (troph. 2.8 and up),hunting macrofauna (predator),10,0,1446,Dec-03,50-300,50,300,16,9.634056819,TEMP,BENTHOPEL,benthopelagic,NERITIC,VA,,ABD,HETE,DSSR,CART,ABS,ABS,,ABS,,BCF,movements of body and/or caudal fin,FUS,elongated,SIDE,SUBT,,,SOME,2,CRYP,CAN,,,,,,,0.18,-1.938964958,0.143852766,26,75,3.20712729,0.00139,3.25,,,7971.307713,9100,8.648025513,5698.883245,111,111,TL,120,120,TL,4.751794233,0.069,-2.546618538,-3.45,Winter,OVOV,GONO,OCE,oceanodromous,PRES,PRES,PRES,NONE,bearers,NA,NONE,OCEAN,internal live bearers,BIENNIAL,NA,OBL,73,NA,10,2.6312845,VLOW,24,Jan-16,1,20,0.5,68,"Ovoviviparous; birth in the dogfish may occur primarily during the cold months of the year, with considerable variation and with some young produced in spring and summer; young are delivered head first with a series of rhythmic contractions reminiscent of birth in mammals; size of young at birth 22 to 33 cm. In a litter.",6848.6,2886326.8,NOT,SO,1
Elasmobranchs - generalist,NSD,129,RES,Squalus griffini,Northern spiny dogfish,Elasmobranchiomorphi,Squaliformes,Squalidae,"Duffy & Last 2007, Ebert et al. 2013",Non-QMS,NA,LC,0.5,23.3,95,392,END,Omnivore,CEPH+CRUS+FIS,,,,,4.3,,,,,37,37,950,950,100-500,100,500,,10.85371252,SUBTROP,BATHYDEM,bathydemersal,NERITIC,VA,,ABD,HETE,DSSR,CART,ABS,ABS,,ABS,,BCF,,FUS,elongated,SIDE,SUBT,,,SOME,2,CRYP,CAN,,,,,,,,-1.957308721,0.141238021,,NA,3.352864308,0.00282,3.09,,,0,NA,8.425280354,4560.923274,89.9,NA,NA,110,110,TL,4.639016061,,-2.57466678,,,OVOV,GONO,,NA,,,,PATERNAL,,,,,,,,,90,,,2.697119155,VLOW,26,3-Oct,,,0.5,68,,0,0,NOT,SO,1
Demersal,,1061,RES,Stigmatopora macropterygia,Long-snouted pipefish,Actinopterygii,Gasterosteiformes,Syngnathidae,"Francis 1996, Paulin et al., 1989",Non-target,of no interest,LC,NA,NA,NA,NA,END,Invert feeder,CRU,,,,,,,,,,0,0,20,20,0-10,0,10,,17.63615351,TEMP,DEM,demersal,COAST,ES,,ABS,LANC,SLSR,SR,ABS,ABS,,ABS,,BCF,,EEL,eel-like,SIDE,TUBU,,,NONE,,CRYP,,,,,,,,,0.063455034,1.065511573,,NA,1.360917331,,,,,,NA,2.458103829,11.68263825,30,NA,TL,40,40,TL,2.903213812,,-0.038773719,,,OVOV,GONO,NONE,NA,,,ABS,SHEL,bearers,paternal,NONE,BAY,external brooders,,,,24-Jan,,,-0.118901321,HIGH,,,,,0.5625,25.45,,,,,,
Pelagic - large,ALB,1634,RAR,Thunnus alalunga ,Albacore,Actinopterygii,Perciformes,Scombridae,"Farley et al., 2007; Ayling and Cox, 1982",QMS,commercial,NT,NA,NA,NA,NA,WORLD,Piscivore,FIS+CRU+Ceph,fish,crustacean,cephalopod,HP,4.3,,,,,0,0,600,600,0-500,0,500,18,,SUBTROP,PEL,pelagic-oceanic,OCEAN,VA,,THOR,FORK,DSSR,MX,ABS,ABS,,ABS,,BCF,,FUS,,SIDE,SUBT,,,SOME,Dec-14,CRYP,CON,25-31,NA,NA,NA,NA,NA,,,#VALUE!,9,,,0.01698,2.98,42208.4333,42208.4333,6305,,,#VALUE!,140,,,140,,,,,,,Spring+Summer,OVIP,GONO,OCE,,,,,NONE,,,OPE,OCEAN,,SERIAL,,OBL,90-97 ,,,,MED,,,,,0.5039,58,,140751,,,,
Pelagic - large,BAR,,RES,Thyrsites atun,Barracouta,Actinopterygii,Perciformes,Gempylidae,"Griffiths 2002; O'Driscoll 1998; Mehl, 1969; Ayling and Cox, 1982; Beentjes et al., 2002",QMS,highly commercial,DD,8.1,2991.2,24,318,WORLD,Omnivore,EUP+FIS+CEP,crustacean,fish,squid,HP,3.6,,3.63,mainly animals (troph. 2.8 and up),hunting macrofauna (predator),0,0,500,550,100-500,100,500,15,15.59873199,TEMP,BENTHOPEL,benthopelagic,NERITIC,MS,,THOR,FORK,DSSR,MX,ABS,ABS,,ABS,,BCF,,FUS,elongated,SIDE,TERM,,,MANY,19-23,CRYP,CON,NA,NA,23.8-27.8,NA,NA,12.6-19.6,0.3,-0.839777675,0.431806514,10,10,2.461949745,0.0075,2.94,3803.46767,4335.368427,3118,6000,6.611260126,743.4192309,87.2,75,SL,91.17,200,SL,3.858028096,0.45,-1.150374521,0.166,Spring,OVIP,GONO,OCE,oceanodromous,ABS,PRES,,NONE,nonguarders,NA,OPE,OCEAN,open water/substratum egg scatterers,ANNUAL,,FAC,50,,2.5,0.998354239,MED,,1000000,,,1,63,,11863644.7,,,,
Demersal,,1555,RES,Trachelochismus pinnulatus,Lumpfish,Actinopterygii,Perciformes,Gobiesocidae,"Francis, 1996; Russell, 1983",Non-target,of no interest,NE,NA,NA,NA,NA,END,Invert feeder,AMP+GAS,,,,,,,,,,0,0,60,60,0-12,0,12,,,TEMP,DEM,demersal,COAST,ES,,ABS,ROUN,SS,SP,ABS,ABS,,ABS,,BCF,,EEL,elongated,TOP,TERM,,,SOME,8,CRYP,CON,,,,,,,,,#VALUE!,,,,,,,,,,,#VALUE!,9,9,TL,10,10,TL,,,,,Winter+Spring,OVIP,GONO,,NA,,,,RDP,,,OAE,BAY,,,,,,,,,MED,,2000,,,0.75,35,,,,,,
Mackerels,JMD,,RAR,Trachurus declivis,Jack mackerel declivis,Actinopterygii,Perciformes,Carangidae,"Robertson, 1975",QMS,highly commercial,DD,*,44.5,30,142,SPO,Omnivore,EUP+APH+MYC,crustacean,fish,,HP,3.9,,NA,mainly animals (troph. 2.8 and up),hunting macrofauna (predator),27,27,460,460,27-300,27,300,20,12.85794142,TEMP,BENTHOPEL,benthopelagic,NERITIC,,,THOR,FORK,DSSR,MX,ABS,ABS,,ABS,,BCF,movements of body and/or caudal fin,FUS,fusiform / normal,SIDE,TERM,,,SOME,8-Sep,CRYP,INC,NA,NA,NA,NA,NA,NA,0.18,-0.883593209,0.413295185,25,25,2.864813188,0.028,2.84,993.1352725,1477.033255,1639,NA,6.990917617,1086.718209,40,42,TL,46,64,SL,3.811804076,0.28,-1.537041607,-0.4,Spring+Summer,OVIP,GONO,OCE,NA,PRES,,,NONE,nonguarders,none,OPE,BAY,Open water/substratum egg scatterers,ANNUAL,,OBL,28,,3,1.436216304,MED,,,,,0.5001,50,,ABS,,,,
Reef - invertivores,TRI,1504-1516,RES,Tripterygiidae Spp.,Triplefins,Actinopterygii,Perciformes,Tripterygiidae,"Feary and Clements, 2006; Taylor and Willis, 1998; Francis, 1996 FIND: Feary et al., 2009",Non-target,of no interest,LC,NA,NA,NA,NA,SPO,Invert feeder,AMP+COP+ISO,amphipods,copepods,crustacean,,,,3.4,,,0,0,40,40,0-30,0,30,13,,TEMP,REEF,demersal,COAST,MS,,ABD,TRUN,TRIP,MX,ABS,ABS,,ABS,,BCF,,FUS,elongated,MID,TERM,,,MANY,25,CONSP,VIL,,,,,,,,,1,3,,,,,,,,,,1,10,,,13,,TL,,,,,Winter+Spring,OVIP,GONO,NONE,,ABS,ABS,ABS,RDP,guarders,paternal,OAE,BAY,nesters,ANNUAL,,SOL,,,1,,HIGH,0.5,thousands,,,0.5039,14,,,,,,
Demersal,RMU,,RAR,Upeneichthys lineatus ,Goatfish,Actinopterygii,Perciformes,Mullidae,"Ayling and Cox, 1982; Kingsford, 1988; Talyor and Willis 1998",,,LC,NA,NA,NA,NA,END,Omnivore,CRU+POL+MOL,alga,polychaete,mollusc,O,3.1,,,,,0,,100,,May-40,5,40,,23.54230931,SUBTROP,DEM,,COAST,MM,,THOR,FORK,DSSR,MX,ABS,ABS,,PRES,,BCF,,FUS,,SIDE,SUBT,,,SOME,9,CONSP,,,,,,,,,-0.169309844,0.844247278,,,1.944343593,0.000009684,3.114,0.385310078,0.943777444,,,5.98867212,398.8845872,30,,,40,,,3.393481905,,-0.805349123,,Summer,OVIP,GONO,NONE,,PRES,,,RDP,,,OPE,BAY,,,,OBL,,,,0.339673529,MED,,,,,0.625,41,,251.5,,,,
Demersal,BRZ,,RAR,Xenocephalus armatus,Brown stargazer,Actinopterygii,Perciformes,Uranoscopidae,"Ayling and Cox, 1982",Non-target,NA,DD,NA,NA,NA,NA,AUSTASIA,Omnivore,FIS+Ceph+CRU,fish,cephalopod,crustacean,HP,4.3,,,,,30,30,500,500,30-500,30,500,,,TEMP,DEM,demersal,NERITIC,VA,,JUG,EMAR,SLSR,MX,ABS,ABS,,ABS,,BCF,,FUS,elongated,TOP,HYPE,,,NONE,,CRYP,,,,,,,,,,#VALUE!,,NA,,0.00417,3.08,358.4931224,358.4931224,,NA,,#VALUE!,40,NA,NA,40,40,TL,,,,,Spring+Summer,OVIP,GONO,OCE,NA,,,,NONE,,,OPE,,,,,SOL,,,,,MED,,,,,0.5156,40,,PRES,,,,
Reef - invertivores,LFB,,RAR,Zanclistius elevatus,Long-finned boarfish,Actinopterygii,Perciformes,Pentacerotidae,"Hardy, 1983; Ayling and Cox 1982",,NA,DD,NA,NA,NA,NA,SPO,Invert feeder,CRU+ECH+POL,crustacean,echinoderm,polychaete,Bma,3.3,,,,,30,30,500,500,30-60,30,60,,19.54641904,TEMP,DEM,demersal,NERITIC,VA,,THOR,EMAR,SLS,MX,PRES,ABS,,ABS,,BCF,,COMP,short and / or deep,SIDE,SUBT,,,MANY,5-Jul,CRYP,CON,19-22,25,NA,NA,55.0-67.0,NA,,-0.630886965,0.53211962,,NA,2.322762896,0.001995,3.01,55.72856712,74.2454526,,NA,6.890996099,983.3804742,30,NA,NA,33,33,TL,3.809514367,,-1.128783918,,,OVIP,GONO,NONE,NA,ABS,,,NONE,,,OPE,BAY,,,,SOL,,,,0.910495689,HIGH,,,,,1.0001,26,,PRES,,,,
Elasmobranchs - invertivores,RSK,179,RES,Zearaja nasuta,Rough skate,Elasmobranchiomorphi,Rajiformes,Rajidae,"Francis 1997, Francis et al. 2004, Francis et al. 2001",QMS,commercial,LC,*,43.3,35,185,END,Invert feeder,CRU+MOL+FIS,,,,,3.7,,NA,mainly animals (troph. 2.8 and up),hunting macrofauna (predator),10,10,1500,1500,28-372,28,372,14,11.71489264,TEMP,DEM,demersal,NERITIC,,,NONE,ROUN,NONE,NONE,PRES,ABS,,ABS,,MPF,undulation of median or pectoral fins,FLAT,other,TOP,INFE,,,NONE,,CRYP,,,,,,,,0.35,-1.520651198,0.218569509,9,9,2.969892664,0.218,3.001,,,,NA,8.807799317,6686.18888,80,62,TL,89.8,89.8,TL,4.661824052,0.16,-2.018030006,-1.2,,OVIP,GONO,,NA,,,,NONE,nonguarders,NA,,,open water/substratum egg scatterers,,,,59,,6,2.268356208,LOW,13,,,,0.625,59,,579.6,231414,NOT,,1
Demersal,MDO,,RAR,Zenopsis nebulosa,Mirror dory,Actinopterygii,Zeiformes,Zeidae,"Kim et al., 2013",Non-QMS,commercial,NE,*,3,279,296,WORLD,Omnivore,FIS+CRU+MOL,fish,crustacean,mollusc,,4,,NA,mainly animals (troph. 2.8 and up),hunting macrofauna (predator),30,30,800,800,50-600,50,600,26,12.3933864,DEEP,BENTHOPEL,benthopelagic,NERITIC,VA,,THOR,TRUN,DSSR,MX,ABS,ABS,,ABS,,BCF,,COMP,short and / or deep,SIDE,HYPE,,,SOME,9,CRYP,,,,,,,,,-1.200691577,0.300985985,45,45,2.744688941,NA,NA,,,3000,3000,7.925803125,2767.786342,,NA,NA,70,70,TL,4.0826379,,-1.652444849,,Winter,OVIP,GONO,NONE,NA,,,,NONE,nonguarders,NA,OPE,OCEAN,NA,SERIAL,NA,,29.5,29.5,,1.54157387,MED,,,52000,533000,0.5781,64,NA,ABS,,,,
Reef - piscivores,JDO,,RES,Zeus faber,John dory,Actinopterygii,Zeiformes,Zeidae,"Ayling and Cox, 1982; Taylor and Willis 1998",QMS,commercial,DD,1.1,421.5,24,194,AUSTASIA,Omnivore,FIS+CRU+CEPH,fish,crustacean,cephalopod,HP,4.5,,4.5,mainly animals (troph. 2.8 and up),hunting macrofauna (predator),0,5,400,400,50-150,50,150,23,13.00639141,TEMP,BENTHOPEL,benthopelagic,NERITIC,MS,,THOR,TRUN,DSSR,MX,ABS,ABS,,ABS,,MPF,undulation of median or pectoral fins,COMP,short and / or deep,SIDE,HYPE,,,SOME,9-Oct,CRYP,,NA,30-32,NA,NA,NA,NA,0.38,-1.069924781,0.343034319,12,12,2.651764105,0.00004582,2.9,1.376741531,2.198443671,8000,8000,7.998713522,2977.125516,35,40,TL,41.13,90,TL,3.989697322,0.425,-1.431963423,-0.223,Summer+Autumn,OVIP,GONO,OCE,oceanodromous,,PRES,,NONE,nonguarders,NA,OPE,OCEAN,open water/substratum egg scatterers,SERIAL,,FAC,35,,4.5,1.397825103,LOW,,,,,0.7656,68,,611359.7,,,,
